equipment_id,sensor_id
1,4275
2,5212
3,7381
4,396
5,1645
6,9532
7,3328
8,8461
9,2173
10,3499
11,8551
12,3965
13,8271
14,2768
1,8725
2,3167
3,6078
4,7001
5,5477
6,2278
7,232
8,5857
9,4938
10,7890
11,1203
12,9624
13,4223
14,1797
1,5627
2,4957
3,1073
4,2823
5,4814
6,4125
7,7570
8,1213
9,2314
10,570
11,6238
12,6789
13,8103
14,6598
1,4093
2,2191
3,2006
4,2588
5,3588
6,8500
7,5948
8,3867
9,8812
10,1476
11,2679
12,3297
13,9974
14,2295
1,3193
2,1088
3,6439
4,2440
5,7064
6,4356
7,9036
8,3891
9,2609
10,5691
11,1020
12,6142
13,4395
14,2906
1,9286
2,4466
3,6658
4,285
5,3689
6,7122
7,2777
8,5255
9,3451
10,9652
11,4630
12,5245
13,9493
14,4697
1,8738
2,6502
3,9812
4,1383
5,8768
6,1102
7,7312
8,8907
9,7451
10,441
11,4214
12,4449
13,9129
14,1843
1,388
2,8150
3,827
4,4027
5,4031
6,6938
7,5612
8,4160
9,3016
10,7086
11,5799
12,7442
13,655
14,7624
1,2016
2,9019
3,4340
4,7556
5,207
6,4320
7,8564
8,5587
9,1820
10,6586
11,9975
12,6029
13,8309
14,8761
1,3029
2,9686
3,3168
4,3032
5,3257
6,1111
7,1679
8,5243
9,4336
10,1781
11,2079
12,3980
13,3705
14,126
1,8726
2,2154
3,2894
4,1564
5,4759
6,4209
7,2303
8,3442
9,4968
10,9422
11,4700
12,3226
13,8403
14,4200
1,5396
2,2216
3,8612
4,5877
5,5004
6,7237
7,6964
8,5876
9,694
10,4555
11,4297
12,5793
13,8436
14,2087
1,751
2,8211
3,5821
4,115
5,6180
6,9
7,2582
8,9720
9,9031
10,6561
11,4237
12,4955
13,4703
14,2943
1,6670
2,1099
3,4083
4,6476
5,5993
6,3789
7,9423
8,8227
9,836
10,9261
11,6740
12,5839
13,3701
14,3773
1,3143
2,6668
3,9670
4,4490
5,6892
6,7671
7,1638
8,4470
9,1508
10,380
11,1201
12,1261
13,7104
14,4041
1,5513
2,4078
3,1392
4,3060
5,9362
6,9922
7,5197
8,332
9,9055
10,1726
11,3097
12,1514
13,1758
14,5459
1,2431
2,5918
3,7769
4,7040
5,7503
6,2203
7,4967
8,4061
9,6043
10,7388
11,5356
12,7254
13,9373
14,2445
1,5713
2,4184
3,8012
4,5561
5,4881
6,7161
7,8559
8,7919
9,4441
10,3068
11,8021
12,2937
13,249
14,1551
1,950
2,5796
3,1534
4,8453
5,6130
6,796
7,7356
8,1945
9,6653
10,5097
11,5176
12,5595
13,2804
14,4068
1,8441
2,3649
3,631
4,7949
5,2309
6,4914
7,3269
8,832
9,7717
10,5456
11,2367
12,9564
13,6487
14,9622
1,2729
2,1044
3,1863
4,1747
5,356
6,7557
7,3528
8,8900
9,469
10,9462
11,9253
12,3817
13,2984
14,9181
1,5276
2,846
3,1363
4,2936
5,9448
6,4509
7,4398
8,8357
9,7582
10,9093
11,3563
12,2294
13,513
14,7435
1,5804
2,1162
3,8079
4,8057
5,2599
6,4058
7,3576
8,8758
9,1262
10,3511
11,9958
12,5204
13,4979
14,9119
1,8351
2,9078
3,714
4,2558
5,5782
6,5515
7,9582
8,9497
9,7342
10,2654
11,8687
12,6505
13,2172
14,428
1,5009
2,3107
3,9793
4,562
5,4956
6,2161
7,9847
8,4047
9,8836
10,7298
11,683
12,7673
13,6974
14,3245
1,8157
2,5929
3,5372
4,9366
5,5117
6,2184
7,8486
8,3506
9,8911
10,5318
11,2949
12,7406
13,6639
14,120
1,7175
2,9769
3,2618
4,165
5,8275
6,689
7,8198
8,6394
9,7181
10,8533
11,7927
12,3276
13,8030
14,660
1,7412
2,7480
3,3963
4,7522
5,3480
6,9990
7,7677
8,8418
9,7415
10,5277
11,1892
12,3487
13,447
14,1946
1,6756
2,3580
3,999
4,3150
5,2933
6,776
7,6855
8,8159
9,1251
10,9729
11,2299
12,1274
13,6806
14,875
1,9345
2,682
3,2697
4,8189
5,5177
6,4458
7,5434
8,5315
9,1609
10,4844
11,291
12,2137
13,1306
14,2668
1,717
2,7234
3,9804
4,9750
5,5451
6,7386
7,4577
8,4590
9,4565
10,8117
11,8390
12,4217
13,7285
14,9530
1,8365
2,9406
3,8823
4,6631
5,2213
6,8155
7,5091
8,2846
9,4646
10,6294
11,9725
12,5413
13,7284
14,7842
1,7141
2,666
3,5707
4,1317
5,964
6,79
7,4283
8,697
9,6540
10,262
11,6260
12,3235
13,5490
14,7604
1,4249
2,1152
3,1023
4,3387
5,6935
6,2407
7,1395
8,335
9,6638
10,7797
11,7643
12,4621
13,9708
14,7289
1,7067
2,3509
3,8473
4,1876
5,8349
6,364
7,8729
8,9309
9,5620
10,267
11,6415
12,6108
13,4906
14,9940
1,6116
2,3882
3,3758
4,3485
5,6160
6,3307
7,7010
8,2565
9,2803
10,6438
11,5102
12,1506
13,4850
14,4768
1,1741
2,6532
3,9335
4,2806
5,8502
6,7978
7,9240
8,5480
9,7854
10,7416
11,7259
12,3195
13,1405
14,9327
1,7165
2,8951
3,7367
4,8800
5,5837
6,5954
7,7784
8,6588
9,9341
10,6567
11,5184
12,2257
13,5842
14,6320
1,1459
2,3717
3,3398
4,5514
5,6845
6,28
7,2709
8,6991
9,2749
10,133
11,4720
12,5664
13,1074
14,7686
1,3352
2,9680
3,2506
4,2151
5,9124
6,1716
7,9840
8,2011
9,2770
10,3252
11,7828
12,5326
13,1089
14,3900
1,5822
2,4644
3,1480
4,6687
5,6558
6,4327
7,9009
8,819
9,5182
10,6525
11,2109
12,9499
13,2537
14,1364
1,3013
2,8996
3,921
4,646
5,3502
6,3697
7,3156
8,2577
9,8378
10,881
11,65
12,4081
13,2394
14,7966
1,3721
2,2653
3,5487
4,2960
5,7711
6,5039
7,1328
8,782
9,5069
10,4498
11,8348
12,7706
13,8392
14,6889
1,137
2,1205
3,9584
4,917
5,3215
6,4667
7,209
8,2525
9,1210
10,5716
11,1373
12,3551
13,6336
14,560
1,4609
2,5084
3,9647
4,1795
5,3916
6,6191
7,9651
8,7250
9,8510
10,940
11,1484
12,4098
13,9436
14,241
1,5624
2,5423
3,1380
4,6853
5,9267
6,2740
7,816
8,7592
9,2411
10,2
11,8631
12,7426
13,811
14,4005
1,3197
2,3531
3,4540
4,2160
5,750
6,2754
7,8008
8,5807
9,6663
10,3041
11,4607
12,1807
13,4148
14,6641
1,7694
2,1584
3,4358
4,3264
5,6441
6,6610
7,1765
8,8968
9,2217
10,3033
11,7337
12,8703
13,9776
14,7489
1,30
2,5978
3,7375
4,3428
5,4875
6,226
7,855
8,6258
9,3616
10,2096
11,5546
12,5194
13,2280
14,5698
1,927
2,4408
3,8999
4,7766
5,9830
6,7552
7,828
8,1590
9,1647
10,8514
11,723
12,5681
13,3253
14,8985
1,9425
2,3420
3,2938
4,3612
5,7222
6,8391
7,8956
8,9251
9,8899
10,5898
11,7485
12,6559
13,3582
14,9042
1,2604
2,8871
3,1398
4,5436
5,3675
6,8644
7,5863
8,5529
9,1372
10,6539
11,8410
12,2044
13,6681
14,420
1,8778
2,4792
3,435
4,2405
5,6241
6,5994
7,6751
8,2500
9,4756
10,3754
11,7660
12,3217
13,972
14,3804
1,3053
2,7576
3,8791
4,1614
5,7162
6,4982
7,9753
8,8054
9,1512
10,1799
11,5006
12,331
13,3973
14,2494
1,739
2,5425
3,2887
4,5337
5,118
6,9051
7,2125
8,3265
9,8199
10,4508
11,4361
12,5133
13,7779
14,8447
1,9294
2,6582
3,907
4,8185
5,7563
6,9205
7,8015
8,2001
9,6644
10,240
11,2036
12,8550
13,9794
14,2282
1,1320
2,7061
3,7257
4,1567
5,3384
6,1397
7,175
8,3553
9,6350
10,2049
11,3914
12,2008
13,637
14,1745
1,5328
2,9574
3,5868
4,9008
5,6967
6,5537
7,3018
8,4156
9,4380
10,534
11,9203
12,2921
13,2849
14,9128
1,3508
2,3938
3,2624
4,3144
5,9298
6,6801
7,5058
8,5508
9,9644
10,7450
11,5869
12,3856
13,1448
14,5649
1,7294
2,4660
3,4832
4,7073
5,3146
6,8072
7,2183
8,802
9,7008
10,8678
11,653
12,9376
13,8178
14,2402
1,4476
2,3289
3,189
4,6713
5,4874
6,4683
7,5526
8,1700
9,2030
10,1649
11,4687
12,9441
13,2152
14,6733
1,8231
2,546
3,413
4,44
5,9744
6,5332
7,6623
8,9542
9,5018
10,1096
11,8226
12,9165
13,7741
14,6822
1,3130
2,1002
3,4632
4,8649
5,9862
6,6565
7,1012
8,8718
9,1310
10,5970
11,7032
12,3630
13,7761
14,3194
1,7629
2,3762
3,5885
4,1865
5,768
6,9655
7,7818
8,9310
9,7055
10,4389
11,9394
12,7378
13,812
14,4113
1,8684
2,6416
3,3478
4,8640
5,7409
6,1683
7,957
8,509
9,2764
10,6782
11,993
12,9068
13,130
14,1275
1,4317
2,174
3,8184
4,6685
5,2470
6,7112
7,6890
8,2103
9,7887
10,955
11,9179
12,6315
13,4847
14,1267
1,8785
2,7277
3,989
4,7346
5,9344
6,5216
7,1290
8,8549
9,3206
10,6852
11,2292
12,3147
13,720
14,7133
1,7157
2,7924
3,7399
4,1298
5,3524
6,6884
7,6469
8,5809
9,3759
10,9108
11,1015
12,8071
13,6972
14,8815
1,713
2,5606
3,3751
4,7319
5,6282
6,5028
7,6221
8,3333
9,1815
10,17
11,5622
12,4077
13,555
14,7232
1,6375
2,7355
3,3566
4,4966
5,7068
6,4127
7,2412
8,7928
9,7090
10,6975
11,124
12,2682
13,2918
14,4213
1,4520
2,611
3,6173
4,5754
5,1821
6,3211
7,545
8,4306
9,3140
10,1477
11,82
12,7886
13,84
14,7447
1,5852
2,944
3,5417
4,772
5,2816
6,3116
7,8228
8,4140
9,5118
10,1
11,8089
12,6254
13,5534
14,9587
1,1387
2,8027
3,5342
4,8174
5,7140
6,4004
7,6968
8,2354
9,7287
10,8375
11,495
12,3165
13,6732
14,699
1,3669
2,242
3,8300
4,8543
5,6405
6,9819
7,654
8,3682
9,4112
10,5896
11,5802
12,971
13,1527
14,1286
1,1215
2,6872
3,6373
4,4736
5,1237
6,1686
7,7877
8,8602
9,4711
10,9402
11,3713
12,7589
13,3170
14,6555
1,2368
2,9882
3,2359
4,4925
5,7530
6,1629
7,4750
8,8873
9,5790
10,3255
11,9352
12,6903
13,7371
14,23
1,5407
2,7336
3,2443
4,896
5,8596
6,9323
7,9430
8,3371
9,3277
10,5914
11,6643
12,4665
13,1636
14,2139
1,1652
2,3136
3,939
4,9721
5,7721
6,5628
7,2977
8,4197
9,7461
10,1521
11,5828
12,8437
13,7891
14,6019
1,2514
2,6265
3,4767
4,8598
5,5354
6,8704
7,8340
8,6220
9,8145
10,6071
11,5958
12,859
13,9173
14,4084
1,3836
2,2767
3,2909
4,963
5,6696
6,6362
7,3985
8,2290
9,8186
10,4734
11,3158
12,4557
13,43
14,3948
1,6075
2,1673
3,7084
4,9953
5,3115
6,650
7,3745
8,8717
9,2110
10,2450
11,2727
12,5238
13,7525
14,7331
1,9444
2,7062
3,8129
4,7144
5,7961
6,7920
7,5878
8,5833
9,6818
10,3537
11,2140
12,8850
13,4348
14,531
1,1239
2,9687
3,2782
4,4907
5,1150
6,6758
7,6651
8,9876
9,8665
10,4997
11,6683
12,8646
13,2581
14,6978
1,5002
2,2127
3,3413
4,9060
5,5995
6,9865
7,3453
8,2605
9,2865
10,8249
11,9791
12,879
13,9411
14,7988
1,9331
2,5294
3,8146
4,8635
5,305
6,4541
7,9650
8,1959
9,4892
10,9295
11,2119
12,8414
13,3806
14,369
1,4728
2,71
3,1179
4,9192
5,7990
6,1414
7,9893
8,9878
9,5732
10,54
11,3419
12,4954
13,2620
14,6590
1,5301
2,9827
3,6562
4,9529
5,7616
6,9163
7,7798
8,2481
9,1723
10,3241
11,905
12,6264
13,6000
14,3282
1,6310
2,5749
3,5191
4,7307
5,8622
6,9268
7,7864
8,1798
9,2135
10,2649
11,9339
12,1257
13,6595
14,2291
1,1533
2,1656
3,6453
4,5702
5,8519
6,594
7,4292
8,7653
9,4809
10,8026
11,7479
12,9274
13,2298
14,3330
1,3536
2,3603
3,9715
4,1470
5,4323
6,5370
7,9545
8,9907
9,3581
10,6229
11,4885
12,5659
13,873
14,1491
1,8229
2,2046
3,976
4,3761
5,80
6,6566
7,92
8,600
9,178
10,9451
11,7309
12,5744
13,4405
14,929
1,6010
2,282
3,5861
4,8803
5,9220
6,19
7,1682
8,6478
9,5567
10,5825
11,7527
12,895
13,63
14,813
1,973
2,856
3,1355
4,6129
5,7474
6,4393
7,3632
8,2054
9,1790
10,4863
11,9484
12,8267
13,183
14,6316
1,1575
2,5772
3,7481
4,8253
5,392
6,9745
7,2063
8,7652
9,823
10,3087
11,9400
12,7687
13,1939
14,4132
1,670
2,7297
3,4805
4,4932
5,1113
6,7752
7,7196
8,4379
9,9174
10,9095
11,1578
12,5781
13,8291
14,56
1,8154
2,383
3,5831
4,6312
5,2684
6,806
7,9817
8,795
9,8920
10,7492
11,58
12,9826
13,8314
14,9351
1,6250
2,8893
3,7273
4,4390
5,8409
6,2319
7,7575
8,4659
9,5144
10,962
11,1824
12,801
13,1053
14,307
1,6330
2,1199
3,4985
4,4545
5,8781
6,2223
7,9166
8,9900
9,4177
10,2392
11,8278
12,6121
13,2833
14,4634
1,7581
2,1933
3,2634
4,5568
5,5059
6,1837
7,8619
8,5792
9,7037
10,5088
11,9132
12,3214
13,9799
14,9062
1,2442
2,2324
3,2556
4,8610
5,5926
6,2913
7,9300
8,1973
9,6443
10,9906
11,6412
12,5170
13,490
14,1805
1,3911
2,7609
3,6821
4,8356
5,4444
6,7138
7,8958
8,7178
9,5959
10,5943
11,6194
12,5785
13,38
14,5439
1,9427
2,6779
3,1955
4,5078
5,3622
6,2328
7,1531
8,4629
9,7203
10,4183
11,5935
12,255
13,5818
14,3036
1,3278
2,3746
3,7158
4,7963
5,8589
6,977
7,3776
8,1455
9,8966
10,8938
11,8939
12,3614
13,6190
14,9299
1,887
2,8367
3,2555
4,6606
5,4044
6,2269
7,8353
8,2702
9,319
10,9962
11,5104
12,7778
13,8386
14,5160
1,3852
2,2622
3,8217
4,901
5,243
6,762
7,5137
8,9920
9,1336
10,3674
11,8095
12,1742
13,9395
14,458
1,4694
2,4417
3,152
4,2561
5,7422
6,6725
7,9602
8,4149
9,7448
10,221
11,6245
12,7109
13,1075
14,2888
1,301
2,9934
3,7533
4,9905
5,6105
6,5548
7,6774
8,3592
9,9464
10,6251
11,8123
12,5803
13,316
14,1068
1,9702
2,2691
3,7710
4,1529
5,529
6,5101
7,5577
8,2000
9,4690
10,9472
11,1358
12,422
13,2361
14,9397
1,3435
2,1308
3,2717
4,998
5,3822
6,629
7,7872
8,5888
9,6011
10,2524
11,9215
12,9453
13,7873
14,3810
1,2072
2,6340
3,3086
4,9752
5,9596
6,7765
7,4988
8,4548
9,3820
10,7601
11,7630
12,5148
13,882
14,3678
1,6970
2,5376
3,8693
4,613
5,2362
6,25
7,2614
8,9643
9,6303
10,2583
11,360
12,5643
13,4776
14,5065
1,6900
2,1978
3,5872
4,4032
5,5335
6,7403
7,1631
8,2039
9,7214
10,2428
11,9814
12,532
13,318
14,1157
1,5784
2,7888
3,1193
4,5023
5,5866
6,7255
7,9519
8,1735
9,3577
10,5815
11,4422
12,5483
13,5190
14,1625
1,4291
2,7038
3,7608
4,6510
5,2822
6,4364
7,7782
8,6434
9,3571
10,5823
11,3777
12,6125
13,3957
14,7528
1,6237
2,4091
3,6493
4,4902
5,1351
6,1829
7,4731
8,1300
9,6269
10,8705
11,2544
12,4952
13,1288
14,2616
1,1899
2,1232
3,162
4,2476
5,926
6,7825
7,6159
8,9748
9,55
10,4066
11,119
12,7089
13,8077
14,2781
1,6193
2,9910
3,7683
4,3774
5,2201
6,8978
7,8841
8,4917
9,9665
10,3343
11,7995
12,6224
13,7511
14,2990
1,9005
2,2378
3,7033
4,5400
5,6257
6,6287
7,9696
8,4245
9,278
10,4695
11,7117
12,8545
13,6551
14,4869
1,5236
2,1488
3,5319
4,3651
5,9526
6,7583
7,6557
8,7892
9,6486
10,166
11,1472
12,1432
13,1278
14,3275
1,915
2,3516
3,3296
4,8497
5,2947
6,641
7,8237
8,4001
9,2968
10,4628
11,5912
12,9711
13,6284
14,3249
1,1619
2,9059
3,9477
4,3250
5,3340
6,8182
7,7373
8,9567
9,5769
10,8724
11,5420
12,5036
13,2343
14,5579
1,7166
2,3646
3,6179
4,3189
5,1524
6,9998
7,3178
8,337
9,8320
10,2448
11,4282
12,7900
13,8491
14,480
1,9456
2,4519
3,5072
4,4511
5,1198
6,5014
7,4777
8,9771
9,6714
10,5775
11,251
12,5571
13,3287
14,2559
1,1788
2,8293
3,6719
4,5915
5,7005
6,4574
7,6302
8,7267
9,8204
10,5062
11,6787
12,9944
13,5536
14,9619
1,5488
2,2889
3,4287
4,1454
5,5213
6,6175
7,5952
8,8621
9,8884
10,2818
11,6528
12,2579
13,1165
14,6496
1,8139
2,3380
3,7199
4,8849
5,3664
6,9297
7,9954
8,6196
9,8337
10,6296
11,1974
12,1793
13,4169
14,4785
1,7293
2,4680
3,9550
4,7986
5,3726
6,8860
7,4856
8,2744
9,9363
10,958
11,6387
12,2233
13,9084
14,844
1,7118
2,9223
3,5158
4,8425
5,1715
6,2373
7,5703
8,9780
9,21
10,7396
11,5729
12,7568
13,8161
14,9487
1,8276
2,3807
3,437
4,5443
5,6390
6,8740
7,2337
8,7014
9,8736
10,7098
11,2783
12,3363
13,3267
14,1496
1,5690
2,4278
3,402
4,726
5,7827
6,6913
7,7668
8,849
9,5739
10,7665
11,3302
12,8924
13,6952
14,4951
1,9966
2,3286
3,4141
4,3483
5,9416
6,530
7,3865
8,4381
9,1458
10,657
11,5976
12,5989
13,2228
14,4122
1,6792
2,9996
3,393
4,7024
5,2594
6,5352
7,9147
8,9428
9,780
10,9259
11,4918
12,6918
13,2255
14,155
1,9168
2,5361
3,7945
4,2626
5,4377
6,6
7,2794
8,7675
9,5904
10,9743
11,8714
12,7588
13,9583
14,34
1,7602
2,728
3,4235
4,141
5,9039
6,6473
7,5632
8,123
9,4808
10,367
11,7011
12,157
13,2978
14,1991
1,4958
2,4953
3,5677
4,2218
5,4579
6,1694
7,669
8,2951
9,2636
10,1513
11,5988
12,8914
13,419
14,9723
1,5554
2,4761
3,250
4,5521
5,6746
6,7728
7,3043
8,1644
9,7472
10,3381
11,2712
12,7268
13,5892
14,1900
1,8260
2,3661
3,6656
4,411
5,73
6,4411
7,6944
8,4573
9,7473
10,5829
11,798
12,2318
13,1826
14,1662
1,6331
2,9885
3,2419
4,6123
5,6128
6,3873
7,719
8,7163
9,3864
10,7700
11,1751
12,3685
13,9225
14,853
1,8358
2,9457
3,7684
4,3895
5,4803
6,8784
7,6705
8,2004
9,3390
10,9777
11,6008
12,4391
13,45
14,6100
1,4614
2,1861
3,5050
4,1626
5,5704
6,8807
7,3251
8,4846
9,663
10,8059
11,2617
12,9393
13,2533
14,10000
1,6777
2,1345
3,2235
4,8636
5,7139
6,9984
7,6888
8,2868
9,3601
10,3300
11,7444
12,617
13,9659
14,7922
1,4563
2,2580
3,9033
4,2673
5,7374
6,8481
7,2568
8,7680
9,8556
10,2974
11,4845
12,9746
13,2726
14,1988
1,3073
2,9442
3,7520
4,5849
5,7747
6,3244
7,9595
8,8504
9,9098
10,8492
11,7231
12,7772
13,8108
14,3562
1,6004
2,8875
3,809
4,3239
5,6017
6,9247
7,960
8,3841
9,5563
10,9189
11,3647
12,1037
13,4941
14,8762
1,3177
2,1725
3,5778
4,1337
5,3944
6,4315
7,9854
8,9076
9,324
10,478
11,1429
12,1390
13,3243
14,2743
1,1637
2,3430
3,6352
4,9898
5,2390
6,3667
7,3989
8,6842
9,1338
10,3823
11,1417
12,4818
13,1641
14,1147
1,8194
2,8286
3,2323
4,5727
5,2427
6,8982
7,9350
8,2358
9,5375
10,6158
11,8723
12,1121
13,2661
14,6144
1,9304
2,4496
3,3983
4,6499
5,4977
6,8487
7,8579
8,3334
9,4010
10,4600
11,2931
12,4599
13,5292
14,9089
1,1689
2,8073
3,6032
4,8120
5,2171
6,6456
7,5651
8,4559
9,8816
10,838
11,7365
12,2091
13,5343
14,1497
1,7276
2,6817
3,9083
4,4556
5,2829
6,9279
7,2047
8,5114
9,9646
10,4011
11,3694
12,2200
13,8577
14,1950
1,1158
2,572
3,2607
4,5753
5,1463
6,8680
7,7595
8,140
9,6349
10,1046
11,3901
12,709
13,4234
14,4416
1,4378
2,698
3,2962
4,3677
5,2040
6,2365
7,1808
8,674
9,6515
10,4453
11,5591
12,7393
13,7614
14,3104
1,8306
2,3429
3,2104
4,1120
5,8263
6,4481
7,3591
8,2215
9,6619
10,1830
11,4412
12,5693
13,9382
14,4757
1,5740
2,1870
3,5468
4,3057
5,6448
6,423
7,986
8,9354
9,7950
10,2683
11,1439
12,8943
13,8855
14,2629
1,1510
2,3052
3,5589
4,7544
5,6344
6,8620
7,9823
8,4677
9,5454
10,6449
11,1953
12,3295
13,7685
14,1612
1,9546
2,867
3,4096
4,1352
5,3843
6,317
7,2957
8,6513
9,8626
10,4059
11,2101
12,269
13,9613
14,8112
1,8616
2,3579
3,842
4,333
5,6804
6,969
7,4503
8,9077
9,2771
10,8445
11,9010
12,2498
13,9222
14,4301
1,4884
2,6122
3,7490
4,706
5,5763
6,5982
7,2209
8,8706
9,6803
10,1678
11,9741
12,5771
13,1494
14,8627
1,6544
2,524
3,4025
4,2341
5,7839
6,5035
7,1487
8,9370
9,841
10,3262
11,6047
12,8733
13,1393
14,9511
1,2334
2,767
3,7859
4,7185
5,2197
6,4894
7,5946
8,8333
9,4471
10,5005
11,7075
12,384
13,2845
14,1833
1,8422
2,4882
3,8302
4,2591
5,2332
6,7002
7,8463
8,6697
9,2159
10,7060
11,8270
12,9280
13,5017
14,9278
1,3959
2,6361
3,8947
4,7933
5,4987
6,9781
7,8775
8,6127
9,2907
10,8001
11,9809
12,2774
13,8446
14,1720
1,8805
2,3021
3,1423
4,4264
5,1942
6,6216
7,5419
8,8974
9,6996
10,6635
11,821
12,5087
13,4335
14,5345
1,7423
2,5586
3,7810
4,9172
5,9579
6,8735
7,9712
8,7009
9,2950
10,2240
11,1353
12,5846
13,4326
14,9639
1,5086
2,5411
3,2694
4,5107
5,5724
6,9410
7,2976
8,4570
9,7302
10,1347
11,177
12,4256
13,3457
14,7046
1,4353
2,9739
3,4037
4,313
5,3602
6,2260
7,6863
8,8642
9,7020
10,7740
11,7733
12,1038
13,109
14,7651
1,2345
2,353
3,8688
4,1344
5,6848
6,4026
7,3316
8,5841
9,9927
10,8180
11,9834
12,4172
13,265
14,9171
1,5932
2,3285
3,4008
4,7341
5,6263
6,4325
7,7072
8,4258
9,2252
10,7159
11,7973
12,1756
13,8834
14,575
1,4159
2,7238
3,2959
4,5641
5,8442
6,2497
7,6417
8,8652
9,9932
10,9138
11,1197
12,2801
13,7320
14,1569
1,1271
2,8887
3,8399
4,8328
5,5279
6,8853
7,4873
8,9106
9,4562
10,5161
11,1258
12,8614
13,8432
14,7998
1,6030
2,7318
3,4716
4,6632
5,2466
6,6951
7,481
8,2381
9,2884
10,9606
11,862
12,3772
13,1549
14,3753
1,2386
2,5334
3,4071
4,5125
5,3306
6,6864
7,1657
8,761
9,3046
10,5816
11,5391
12,7058
13,5011
14,9073
1,9872
2,2532
3,7030
4,4185
5,573
6,8342
7,1634
8,5394
9,4479
10,3320
11,542
12,3270
13,1541
14,9774
1,9914
2,2138
3,4174
4,8439
5,2831
6,6618
7,9473
8,7364
9,9657
10,9503
11,5145
12,7369
13,1687
14,8544
1,3650
2,4640
3,8786
4,3736
5,4324
6,195
7,6587
8,8380
9,3051
10,4253
11,2778
12,3000
13,2571
14,8580
1,4984
2,2898
3,2276
4,633
5,5344
6,6152
7,1091
8,4230
9,280
10,6752
11,8049
12,5437
13,6091
14,5045
1,6698
2,8690
3,5590
4,9475
5,2946
6,234
7,4259
8,8099
9,2979
10,4585
11,5325
12,3184
13,6630
14,4824
1,1995
2,6838
3,7729
4,4421
5,1134
6,4384
7,7338
8,7760
9,9580
10,112
11,9681
12,7878
13,2379
14,314
1,2060
2,3765
3,6636
4,1130
5,3173
6,5291
7,1669
8,2807
9,6807
10,8331
11,470
12,4576
13,8297
14,215
1,5761
2,3418
3,5557
4,893
5,3886
6,2389
7,9314
8,9307
9,634
10,4270
11,6225
12,229
13,2595
14,1994
1,2066
2,4801
3,3210
4,9169
5,6802
6,2237
7,211
8,3780
9,3819
10,6226
11,6045
12,792
13,6046
14,7796
1,6545
2,6134
3,2369
4,4662
5,864
6,6020
7,5012
8,7841
9,9902
10,9656
11,2055
12,1505
13,8416
14,8440
1,8995
2,2304
3,861
4,2926
5,7815
6,4830
7,4436
8,6358
9,3738
10,6171
11,2250
12,1509
13,5644
14,8984
1,4980
2,1116
3,4712
4,5109
5,9853
6,4510
7,5665
8,8831
9,5268
10,9065
11,6156
12,7600
13,9401
14,8777
1,366
2,1460
3,3918
4,9087
5,1361
6,365
7,9208
8,8317
9,5511
10,9465
11,9535
12,5931
13,588
14,9045
1,8223
2,7057
3,4243
4,5542
5,5307
6,6615
7,8086
8,7015
9,2980
10,9759
11,1523
12,6244
13,4594
14,9675
1,8281
2,5656
3,8343
4,6882
5,8149
6,5040
7,2144
8,5699
9,9066
10,2325
11,7184
12,9677
13,6356
14,5129
1,2425
2,5308
3,4207
4,4427
5,8822
6,8173
7,426
8,9909
9,188
10,8869
11,3750
12,8750
13,172
14,213
1,7087
2,3433
3,8944
4,4826
5,4998
6,9645
7,7969
8,8411
9,8783
10,724
11,8372
12,9038
13,6135
14,4452
1,8936
2,8874
3,6151
4,8298
5,5244
6,3874
7,6063
8,1169
9,1296
10,283
11,2273
12,7469
13,4564
14,4290
1,3707
2,359
3,8144
4,2987
5,203
6,6165
7,2766
8,6883
9,5897
10,3793
11,4403
12,568
13,7625
14,9945
1,4095
2,9118
3,6177
4,6589
5,3342
6,8430
7,1025
8,3434
9,7712
10,3801
11,3113
12,931
13,2465
14,6931
1,8671
2,5247
3,6682
4,6113
5,2601
6,5594
7,2170
8,5951
9,700
10,2178
11,8279
12,6168
13,4582
14,2742
1,686
2,4595
3,4276
4,9701
5,3792
6,1106
7,5530
8,4145
9,948
10,5458
11,7519
12,1573
13,9553
14,9476
1,7187
2,2639
3,4522
4,885
5,7240
6,2528
7,9506
8,2454
9,5639
10,7147
11,9801
12,2029
13,878
14,3083
1,4262
2,9736
3,1583
4,5930
5,6012
6,8808
7,8770
8,3655
9,2229
10,1154
11,5270
12,2477
13,3416
14,7848
1,1911
2,664
3,3240
4,6703
5,6444
6,1831
7,4843
8,2948
9,5696
10,4554
11,9238
12,2904
13,6074
14,3488
1,5068
2,236
3,9569
4,9531
5,5259
6,2795
7,4406
8,1456
9,5623
10,5551
11,3870
12,11
13,9763
14,9938
1,4118
2,5366
3,4313
4,1753
5,2982
6,6048
7,2068
8,2752
9,8000
10,35
11,3881
12,9440
13,3724
14,3984
1,7611
2,1967
3,2489
4,4797
5,3071
6,9919
7,7053
8,9284
9,2832
10,1885
11,1623
12,662
13,8225
14,1591
1,7647
2,3037
3,5287
4,4463
5,95
6,3437
7,1810
8,7093
9,8727
10,2719
11,7619
12,9973
13,636
14,6673
1,8137
2,4616
3,9157
4,2142
5,6827
6,4920
7,6248
8,3778
9,5913
10,2012
11,9555
12,9340
13,8964
14,5917
1,8329
2,8025
3,8861
4,6927
5,371
6,6788
7,1464
8,2266
9,1485
10,5235
11,7812
12,3960
13,4289
14,3547
1,3039
2,2797
3,5047
4,5267
5,1143
6,5188
7,7278
8,3599
9,3796
10,2808
11,3786
12,3727
13,1760
14,9632
1,2406
2,8553
3,2631
4,1603
5,543
6,88
7,6391
8,5020
9,2195
10,253
11,8648
12,5889
13,3160
14,2641
1,2549
2,352
3,3587
4,2969
5,2520
6,1219
7,2623
8,8181
9,7547
10,7910
11,5306
12,6973
13,1775
14,2051
1,1026
2,731
3,6956
4,5000
5,6084
6,9551
7,4277
8,7111
9,136
10,7215
11,1163
12,8578
13,8935
14,747
1,9115
2,4651
3,4762
4,2867
5,8256
6,1811
7,8852
8,2885
9,6689
10,8179
11,8220
12,9061
13,8459
14,1611
1,1009
2,8305
3,2005
4,4635
5,6049
6,7019
7,1787
8,6131
9,3163
10,7379
11,6669
12,9539
13,8979
14,8126
1,6624
2,7885
3,2562
4,643
5,5708
6,5788
7,6117
8,1997
9,6178
10,4529
11,9968
12,3350
13,8937
14,2013
1,4536
2,3814
3,6661
4,1595
5,8599
6,4773
7,3610
8,5438
9,4472
10,1588
11,9614
12,6262
13,1420
14,5633
1,7404
2,6097
3,4305
4,7567
5,244
6,8395
7,1792
8,5433
9,7757
10,1705
11,1101
12,6460
13,8177
14,7811
1,9232
2,4586
3,2434
4,6214
5,2456
6,2495
7,7212
8,4528
9,5168
10,1517
11,6860
12,6413
13,8989
14,6724
1,9784
2,8813
3,7316
4,8746
5,8116
6,138
7,4620
8,7477
9,2859
10,4647
11,433
12,3652
13,759
14,7329
1,1153
2,970
3,6002
4,5870
5,4333
6,407
7,5499
8,1388
9,198
10,2430
11,9828
12,1688
13,9368
14,5393
1,1977
2,325
3,733
4,9379
5,671
6,3837
7,8209
8,8208
9,493
10,4311
11,790
12,4961
13,3884
14,5585
1,4753
2,598
3,3730
4,9767
5,6440
6,1375
7,4226
8,3201
9,5060
10,5201
11,1560
12,8230
13,5845
14,6256
1,9608
2,9365
3,9977
4,3596
5,9917
6,7587
7,7197
8,7182
9,4328
10,2686
11,7809
12,3748
13,4916
14,2089
1,5512
2,9517
3,5593
4,3620
5,9074
6,2473
7,6136
8,4816
9,612
10,9976
11,6923
12,5111
13,3842
14,4880
1,6507
2,9312
3,2791
4,9336
5,2090
6,3425
7,1325
8,7266
9,8789
10,1866
11,2355
12,4491
13,765
14,102
1,1083
2,5312
3,9127
4,4589
5,6994
6,6928
7,156
8,2241
9,6360
10,9662
11,36
12,2274
13,1483
14,4568
1,2762
2,7620
3,1695
4,8683
5,1883
6,4912
7,2812
8,9560
9,9527
10,1269
11,8195
12,5286
13,8656
14,7897
1,3719
2,6427
3,9805
4,3109
5,3228
6,5636
7,5143
8,6500
9,2610
10,8793
11,6073
12,6409
13,5183
14,4193
1,4724
2,5672
3,5525
4,652
5,6569
6,1707
7,3545
8,8847
9,7678
10,8587
11,4631
12,3541
13,75
14,5985
1,3155
2,1330
3,9308
4,1418
5,9594
6,8046
7,4028
8,3427
9,3075
10,2271
11,3887
12,883
13,3613
14,2983
1,2855
2,4617
3,1646
4,1651
5,477
6,7650
7,9758
8,1975
9,6949
10,6920
11,6155
12,9080
13,2130
14,2566
1,6514
2,9836
3,8485
4,7007
5,5169
6,527
7,2892
8,3808
9,5765
10,837
11,5835
12,5350
13,3495
14,9515
1,8566
2,2873
3,1789
4,5883
5,9064
6,9153
7,3063
8,7739
9,1536
10,1532
11,1674
12,142
13,7431
14,5949
1,6198
2,7261
3,1668
4,628
5,7291
6,8451
7,9789
8,7113
9,8191
10,2234
11,7814
12,3665
13,5905
14,1057
1,7869
2,8456
3,459
4,9329
5,5962
6,4838
7,626
8,6153
9,8382
10,6608
11,9694
12,7377
13,8074
14,5603
1,6922
2,8215
3,1202
4,2283
5,5539
6,3237
7,5311
8,6816
9,5723
10,5001
11,4811
12,8829
13,2246
14,4627
1,6800
2,6468
3,7936
4,1431
5,1940
6,6365
7,7352
8,2882
9,9936
10,6541
11,7808
12,5041
13,8212
14,3045
1,1905
2,7736
3,5174
4,1281
5,769
6,3784
7,7714
8,3695
9,3348
10,2020
11,4741
12,7488
13,1672
14,1806
1,7679
2,9894
3,7225
4,4392
5,6066
6,206
7,9199
8,1762
9,4330
10,9837
11,755
12,3355
13,2819
14,8654
1,3369
2,6120
3,6380
4,7898
5,3475
6,368
7,3273
8,6594
9,610
10,4133
11,3512
12,6867
13,2256
14,1545
1,4706
2,7962
3,9075
4,1934
5,2569
6,7328
7,3376
8,3972
9,2162
10,6009
11,5199
12,1176
13,784
14,8767
1,9782
2,7579
3,6950
4,2116
5,1791
6,9710
7,2587
8,4611
9,854
10,967
11,890
12,159
13,1282
14,2150
1,6401
2,5435
3,5844
4,1773
5,754
6,4883
7,7638
8,6400
9,602
10,9989
11,5130
12,8845
13,8011
14,6393
1,6824
2,676
3,8312
4,621
5,4849
6,3007
7,597
8,2575
9,8963
10,7692
11,5208
12,5013
13,9513
14,6896
1,5810
2,5427
3,4074
4,1200
5,7538
6,320
7,264
8,7980
9,2821
10,8933
11,7517
12,586
13,1697
14,1561
1,179
2,5752
3,4396
4,6106
5,825
6,5282
7,2136
8,9964
9,1135
10,4678
11,8221
12,4056
13,1891
14,158
1,8923
2,2674
3,2901
4,2105
5,9236
6,5200
7,2422
8,6092
9,445
10,9249
11,3400
12,6271
13,9014
14,6351
1,468
2,9122
3,3161
4,729
5,5295
6,956
7,5614
8,8563
9,1748
10,8321
11,9970
12,169
13,6550
14,1518
1,9142
2,7411
3,8820
4,4717
5,467
6,3274
7,5924
8,6290
9,3395
10,4723
11,3070
12,5256
13,8214
14,903
1,8892
2,6060
3,5630
4,3186
5,6693
6,1690
7,1498
8,3838
9,9525
10,1145
11,3038
12,168
13,1938
14,3770
1,566
2,7635
3,7306
4,592
5,3680
6,323
7,6831
8,3671
9,131
10,9734
11,2336
12,5987
13,9263
14,4362
1,5947
2,7245
3,4376
4,3889
5,4050
6,7925
7,7718
8,85
9,2657
10,3625
11,858
12,6050
13,7573
14,8594
1,2221
2,2925
3,605
4,6535
5,9863
6,6069
7,9185
8,9403
9,4165
10,2339
11,24
12,1231
13,3585
14,3555
1,7066
2,4976
3,3360
4,6199
5,8555
6,9843
7,504
8,7806
9,5264
10,3698
11,6754
12,3362
13,6275
14,1502
1,2586
2,6887
3,1276
4,7194
5,6648
6,2551
7,5038
8,4345
9,5944
10,1297
11,2545
12,4933
13,13
14,4655
1,4089
2,584
3,4090
4,3089
5,9839
6,8488
7,3605
8,3907
9,9091
10,4106
11,1055
12,7941
13,8883
14,9273
1,1246
2,8035
3,3105
4,4433
5,2082
6,327
7,6335
8,4602
9,3366
10,2441
11,6504
12,3415
13,5135
14,3117
1,224
2,7737
3,9164
4,2244
5,3699
6,9509
7,3763
8,7960
9,3996
10,7146
11,7502
12,1311
13,1615
14,186
1,9612
2,3204
3,4134
4,1189
5,8282
6,326
7,6291
8,8037
9,9445
10,6397
11,4876
12,7366
13,1190
14,3660
1,8895
2,7344
3,5700
4,6346
5,378
6,732
7,8546
8,8877
9,3263
10,635
11,5353
12,4342
13,4334
14,7770
1,718
2,3321
3,5766
4,6452
5,6521
6,6534
7,4610
8,4939
9,4707
10,4383
11,7994
12,1570
13,8826
14,6688
1,3624
2,7526
3,8018
4,1324
5,1803
6,3505
7,3883
8,8891
9,1572
10,5655
11,6678
12,866
13,8028
14,4203
1,8941
2,3951
3,5115
4,5516
5,2093
6,9372
7,1763
8,5412
9,6114
10,6517
11,5299
12,5241
13,418
14,1081
1,4285
2,3081
3,309
4,9219
5,8521
6,9306
7,5791
8,6223
9,5640
10,6033
11,3860
12,3878
13,7226
14,476
1,8700
2,4613
3,1860
4,7875
5,1928
6,5100
7,1971
8,7193
9,5112
10,2330
11,6880
12,5485
13,1382
14,6138
1,2418
2,9846
3,7171
4,4878
5,5462
6,5428
7,1764
8,1376
9,4233
10,355
11,2315
12,151
13,4158
14,9404
1,1223
2,5694
3,8828
4,1932
5,5103
6,9921
7,5185
8,4431
9,87
10,8020
11,9113
12,8087
13,1092
14,7531
1,6764
2,3166
3,4719
4,7243
5,2538
6,7654
7,7954
8,8653
9,7852
10,2031
11,164
12,3853
13,3692
14,185
1,8833
2,8929
3,5175
4,8299
5,3520
6,2995
7,2348
8,4558
9,2840
10,8973
11,6711
12,6016
13,2485
14,1399
1,516
2,2076
3,1814
4,9301
5,3394
6,7506
7,6317
8,5397
9,6324
10,5368
11,9455
12,9355
13,6750
14,8801
1,2041
2,9330
3,1108
4,7327
5,7325
6,8171
7,6219
8,5678
9,3922
10,1050
11,2863
12,9097
13,2861
14,9450
1,6840
2,4272
3,5507
4,8824
5,154
6,7953
7,8637
8,8465
9,3633
10,3072
11,4020
12,8091
13,3519
14,7296
1,6825
2,1186
3,9371
4,5271
5,223
6,512
7,9875
8,4546
9,8236
10,5580
11,9498
12,2180
13,4162
14,1691
1,261
2,3456
3,8749
4,920
5,1914
6,5390
7,5827
8,7622
9,2397
10,3917
11,7571
12,8928
13,6370
14,2321
1,2852
2,1684
3,9349
4,5416
5,8423
6,9671
7,9028
8,8846
9,9324
10,1329
11,8130
12,5720
13,4512
14,5333
1,39
2,2759
3,4150
4,9679
5,8257
6,153
7,508
8,8691
9,9412
10,2384
11,8002
12,1857
13,2320
14,8810
1,5265
2,1724
3,9458
4,7391
5,83
6,9913
7,3684
8,3224
9,6242
10,742
11,7354
12,9604
13,2999
14,8240
1,7244
2,3835
3,6715
4,4350
5,6072
6,7464
7,5773
8,8043
9,6353
10,2991
11,3236
12,2919
13,5128
14,5096
1,4981
2,3426
3,4848
4,9700
5,9016
6,9011
7,688
8,9943
9,3756
10,9023
11,1426
12,4373
13,4829
14,5502
1,7744
2,6145
3,2145
4,6846
5,9616
6,4092
7,9674
8,1349
9,544
10,6553
11,1680
12,4273
13,2058
14,5523
1,6154
2,5758
3,2669
4,4468
5,3385
6,9224
7,1849
8,7981
9,9079
10,6672
11,7074
12,3657
13,9148
14,6421
1,9389
2,97
3,290
4,4539
5,7508
6,212
7,4745
8,7541
9,4949
10,9466
11,2352
12,4841
13,4314
14,3609
1,8235
2,3474
3,1443
4,2986
5,2236
6,1574
7,8695
8,8666
9,8981
10,7401
11,8406
12,5991
13,8972
14,1852
1,5030
2,5398
3,1041
4,5884
5,7400
6,4542
7,6462
8,338
9,8697
10,1635
11,6485
12,5701
13,395
14,6704
1,872
2,7405
3,6581
4,8055
5,6585
6,9633
7,1029
8,7443
9,596
10,7763
11,385
12,9228
13,2738
14,1661
1,6633
2,4927
3,7674
4,1610
5,7252
6,6796
7,4798
8,5894
9,5126
10,3876
11,128
12,9832
13,7094
14,1941
1,1086
2,5192
3,6201
4,2642
5,6830
6,9120
7,6742
8,5063
9,6355
10,9364
11,3098
12,5290
13,502
14,5478
1,4432
2,3607
3,2475
4,1894
5,8093
6,9139
7,1422
8,6013
9,288
10,4374
11,6701
12,3752
13,8489
14,4144
1,8196
2,2763
3,4239
4,7372
5,4567
6,9070
7,3223
8,6102
9,7748
10,8530
11,9965
12,789
13,1335
14,8934
1,1168
2,2224
3,321
4,4657
5,2242
6,6345
7,7599
8,4244
9,9398
10,8651
11,7676
12,2536
13,2973
14,6186
1,3412
2,2084
3,4867
4,1042
5,1980
6,4448
7,9829
8,8585
9,3691
10,6744
11,3937
12,2034
13,9556
14,5942
1,8151
2,6398
3,7083
4,7820
5,5073
6,805
7,4886
8,4775
9,8160
10,7350
11,667
12,6056
13,5652
14,2363
1,2491
2,7258
3,6308
4,863
5,9709
6,2676
7,8554
8,6052
9,571
10,7731
11,9030
12,6556
13,9518
14,8848
1,5206
2,3049
3,9197
4,9496
5,3100
6,6616
7,9544
8,7504
9,6442
10,6450
11,9447
12,8701
13,7192
14,7955
1,9386
2,7292
3,8070
4,2975
5,8482
6,7491
7,6895
8,6929
9,5496
10,9779
11,3619
12,9454
13,9266
14,6607
1,2064
2,1065
3,4654
4,3238
5,3471
6,5374
7,9134
8,5575
9,4791
10,2627
11,5795
12,2835
13,7790
14,2281
1,5540
2,8319
3,6833
4,7154
5,5911
6,7179
7,1004
8,7206
9,7239
10,4100
11,2523
12,6170
13,6958
14,3570
1,5764
2,6527
3,1864
4,7843
5,541
6,2267
7,7518
8,8013
9,8096
10,4451
11,1109
12,9161
13,8940
14,3476
1,1045
2,4191
3,2720
4,6392
5,9342
6,8024
7,2510
8,668
9,4171
10,6414
11,3542
12,5711
13,8368
14,2685
1,5977
2,2625
3,7272
4,3659
5,8224
6,6655
7,3703
8,5780
9,7039
10,421
11,1987
12,1746
13,5482
14,7646
1,2459
2,7768
3,6192
4,6166
5,7351
6,892
7,1499
8,1207
9,6916
10,1144
11,9764
12,4825
13,1850
14,5240
1,340
2,2560
3,8880
4,7467
5,5171
6,3337
7,1206
8,3641
9,2027
10,4674
11,4935
12,8032
13,3015
14,6783
1,7821
2,5692
3,222
4,8882
5,7262
6,681
7,3040
8,4303
9,3056
10,6162
11,5029
12,5378
13,7792
14,5414
1,4175
2,424
3,2584
4,7398
5,8548
6,7397
7,3294
8,5289
9,5196
10,1299
11,7310
12,6044
13,1350
14,6597
1,3557
2,959
3,2346
4,1699
5,5336
6,8029
7,5446
8,3734
9,6126
10,2331
11,4820
12,4501
13,5214
14,6568
1,1554
2,7149
3,9731
4,4770
5,6318
6,306
7,5907
8,8061
9,4523
10,4688
11,2769
12,6627
13,1566
14,8959
1,4370
2,2132
3,9162
4,2998
5,5269
6,8576
7,687
8,7095
9,4737
10,7107
11,4495
12,9884
13,788
14,9591
1,8689
2,3406
3,8898
4,6383
5,60
6,8538
7,3062
8,397
9,9347
10,5280
11,2552
12,6694
13,1036
14,834
1,6051
2,6805
3,3031
4,90
5,735
6,3048
7,9218
8,9212
9,4006
10,2856
11,4944
12,5965
13,7666
14,497
1,5518
2,954
3,67
4,6419
5,3733
6,991
7,5154
8,648
9,2114
10,4155
11,7256
12,6053
13,3091
14,8527
1,6570
2,2655
3,6988
4,3787
5,4788
6,3540
7,8285
8,1333
9,7012
10,4749
11,7347
12,110
13,1301
14,4751
1,3968
2,9021
3,5721
4,5224
5,8048
6,6894
7,1436
8,3642
9,9121
10,31
11,9629
12,2018
13,6093
14,9006
1,638
2,4246
3,6021
4,372
5,2438
6,517
7,1409
8,1033
9,5237
10,3096
11,5156
12,1754
13,8280
14,1181
1,5402
2,730
3,1283
4,4296
5,3492
6,9563
7,3718
8,6035
9,499
10,8252
11,7418
12,7123
13,1236
14,9102
1,3858
2,9318
3,2647
4,2730
5,961
6,7228
7,6374
8,4544
9,10
10,2312
11,2259
12,8044
13,2088
14,4266
1,6759
2,4474
3,4248
4,7754
5,6491
6,8716
7,9505
8,6861
9,5075
10,884
11,204
12,6411
13,7476
14,7834
1,2785
2,8443
3,4154
4,6077
5,7425
6,6947
7,5934
8,3331
9,1847
10,5052
11,3374
12,486
13,6790
14,3851
1,4813
2,7180
3,2866
4,930
5,4022
6,6940
7,62
8,7837
9,5233
10,7065
11,701
12,624
13,3383
14,4079
1,7749
2,3092
3,7022
4,5123
5,1730
6,170
7,7727
8,9855
9,8294
10,7901
11,3868
12,5055
13,2243
14,4224
1,1785
2,2167
3,8034
4,4959
5,3364
6,8318
7,824
8,8741
9,7682
10,1434
11,7078
12,8711
13,8854
14,4991
1,9190
2,5820
3,9554
4,951
5,1346
6,268
7,7081
8,4833
9,4428
10,7593
11,1519
12,1208
13,3006
14,4623
1,1451
2,3266
3,2799
4,5920
5,2928
6,4465
7,9183
8,1028
9,7917
10,5094
11,9851
12,1474
13,3317
14,3693
1,6376
2,1984
3,9338
4,518
5,161
6,2671
7,4971
8,703
9,2994
10,552
11,5173
12,5774
13,932
14,2245
1,7704
2,2444
3,2075
4,886
5,8798
6,237
7,6519
8,9035
9,4506
10,5853
11,8310
12,8162
13,9541
14,1326
1,5619
2,997
3,7408
4,4795
5,4924
6,7947
7,4672
8,3574
9,7918
10,4168
11,2723
12,5019
13,860
14,8056
1,4014
2,7049
3,826
4,1722
5,2871
6,6699
7,6034
8,5388
9,3790
10,3188
11,3054
12,4733
13,4601
14,1084
1,553
2,2264
3,2471
4,5049
5,9360
6,8794
7,5314
8,1740
9,6213
10,8993
11,2017
12,9562
13,5838
14,8757
1,7210
2,7446
3,2469
4,1132
5,5968
6,3981
7,3351
8,4117
9,1354
10,432
11,8081
12,1947
13,5501
14,6386
1,2457
2,3135
3,4787
4,4355
5,3069
6,7977
7,1449
8,9570
9,607
10,7722
11,4836
12,7389
13,5037
14,9170
1,4598
2,557
3,3885
4,8499
5,8694
6,3444
7,4725
8,7315
9,6592
10,889
11,5871
12,6772
13,4738
14,1846
1,770
2,339
3,3467
4,7574
5,4255
6,1600
7,9438
8,5486
9,8207
10,1540
11,281
12,2118
13,1139
14,1221
1,7661
2,4304
3,4263
4,6404
5,2028
6,6879
7,6482
8,6722
9,8916
10,6341
11,1565
12,2817
13,2750
14,2376
1,2458
2,7889
3,8394
4,2834
5,3393
6,277
7,2828
8,8176
9,9239
10,6755
11,9999
12,8969
13,965
14,3514
1,5817
2,6183
3,3491
4,9155
5,913
6,6797
7,9022
8,6870
9,7110
10,3877
11,5840
12,7532
13,1616
14,1389
1,6205
2,6467
3,8274
4,1244
5,3231
6,9733
7,7794
8,5317
9,9328
10,1378
11,4142
12,7699
13,5448
14,7189
1,9481
2,5347
3,9003
4,7959
5,1172
6,7510
7,791
8,4905
9,1461
10,8565
11,2143
12,3174
13,5843
14,716
1,8572
2,3408
3,5422
4,1749
5,3991
6,7186
7,2760
8,5545
9,6739
10,1676
11,2897
12,1966
13,2879
14,1226
1,6470
2,9941
3,7496
4,606
5,1526
6,4839
7,2374
8,1944
9,2270
10,4945
11,5517
12,298
13,6036
14,6402
1,6676
2,1220
3,4229
4,4810
5,9186
6,7534
7,8674
8,3222
9,1289
10,4147
11,2190
12,4157
13,6617
14,5321
1,3122
2,9315
3,1123
4,3640
5,2648
6,6041
7,8143
8,7984
9,9811
10,9180
11,5618
12,5574
13,9810
14,4414
1,5862
2,4591
3,7465
4,7720
5,9601
6,8246
7,81
8,7028
9,8630
10,98
11,985
12,787
13,9625
14,5607
1,2690
2,7052
3,8811
4,5205
5,3924
6,6099
7,3213
8,400
9,3606
10,9718
11,5359
12,8050
13,9566
14,3477
1,4709
2,3696
3,9534
4,943
5,143
6,7027
7,8347
8,286
9,9357
10,1327
11,3905
12,4434
13,4013
14,5209
1,2206
2,3880
3,5658
4,5386
5,1490
6,5854
7,9326
8,5364
9,5684
10,4990
11,9154
12,5657
13,8308
14,3368
1,7167
2,1558
3,5906
4,8526
5,8732
6,1500
7,7439
8,3305
9,1728
10,7788
11,5813
12,559
13,2613
14,3572
1,6995
2,1486
3,7370
4,3681
5,7776
6,7457
7,453
8,8084
9,113
10,3825
11,1986
12,9116
13,6906
14,1369
1,16
2,6325
3,4286
4,7655
5,9277
6,8065
7,7612
8,2366
9,7664
10,7353
11,7004
12,7867
13,6939
14,1794
1,5709
2,14
3,8932
4,1292
5,6690
6,8897
7,2165
8,503
9,4828
10,7230
11,3799
12,5743
13,2732
14,9877
1,6953
2,3805
3,6422
4,988
5,5730
6,2746
7,6987
8,6577
9,1452
10,2496
11,6015
12,9615
13,2996
14,3291
1,1475
2,5850
3,4426
4,1160
5,1553
6,3298
7,3191
8,8264
9,4986
10,3027
11,3233
12,4450
13,3797
14,4102
1,9997
2,6301
3,3386
4,8496
5,3899
6,9193
7,2615
8,9099
9,906
10,1184
11,5506
12,4227
13,8141
14,3741
1,6279
2,1702
3,5544
4,9439
5,2204
6,5449
7,8507
8,7906
9,9037
10,9433
11,5814
12,3879
13,7662
14,5653
1,6369
2,1602
3,9831
4,4860
5,3875
6,2731
7,8673
8,7696
9,7468
10,6771
11,6273
12,1550
13,2141
14,5856
1,576
2,8888
3,1167
4,4710
5,6161
6,148
7,8166
8,2666
9,4131
10,7623
11,7247
12,6203
13,5714
14,1884
1,245
2,4517
3,8197
4,4658
5,7487
6,8033
7,1061
8,2954
9,2375
10,1110
11,7590
12,5629
13,1867
14,3103
1,5355
2,9713
3,127
4,2453
5,3009
6,2877
7,6654
8,5061
9,9929
10,4670
11,2550
12,3971
13,7115
14,1047
1,5303
2,8997
3,3279
4,2773
5,3232
6,1031
7,5008
8,5974
9,1245
10,737
11,2847
12,471
13,3529
14,8135
1,1367
2,9407
3,8336
4,4946
5,8462
6,6319
7,3844
8,9714
9,8886
10,4766
11,5734
12,2413
13,9443
14,4469
1,7607
2,1241
3,1314
4,2875
5,2239
6,5228
7,6357
8,5071
9,6998
10,3008
11,2220
12,1173
13,2455
14,5464
1,187
2,254
3,5384
4,6089
5,8190
6,4910
7,9820
8,8722
9,876
10,5662
11,6211
12,3102
13,2293
14,3422
1,4758
2,5360
3,1249
4,6729
5,1427
6,8926
7,1010
8,7295
9,2934
10,9114
11,6082
12,3739
13,8945
14,5288
1,310
2,149
3,8332
4,9194
5,7221
6,7368
7,7594
8,604
9,712
10,1650
11,6104
12,6909
13,4909
14,2546
1,8210
2,2637
3,9870
4,6791
5,3507
6,3584
7,1085
8,3747
9,6023
10,4382
11,328
12,8413
13,5057
14,7689
1,7628
2,8586
3,5637
4,1114
5,8474
6,4054
7,1437
8,6278
9,5779
10,4341
11,150
12,8379
13,1138
14,3196
1,5615
2,9866
3,8515
4,9858
5,785
6,1621
7,6728
8,3077
9,8776
10,2487
11,6679
12,377
13,3327
14,7670
1,922
2,4837
3,9226
4,5562
5,7229
6,9649
7,3441
8,3397
9,76
10,1800
11,8632
12,8681
13,5218
14,5997
1,5559
2,3432
3,3931
4,982
5,8643
6,1368
7,6856
8,937
9,6574
10,1658
11,8529
12,6339
13,632
14,9592
1,7884
2,2689
3,7017
4,4067
5,8109
6,5275
7,3903
8,2678
9,4166
10,248
11,2288
12,1105
13,8007
14,1577
1,6228
2,6886
3,9419
4,4457
5,8568
6,1021
7,2733
8,9682
9,1321
10,9796
11,2966
12,5120
13,2814
14,5155
1,5293
2,4626
3,3200
4,2553
5,745
6,8967
7,6969
8,3816
9,7598
10,5132
11,7915
12,4099
13,1958
14,7048
1,303
2,3133
3,7509
4,6323
5,2157
6,1563
7,9754
8,5578
9,3123
10,9824
11,7648
12,6003
13,7868
14,1522
1,898
2,7127
3,5476
4,9510
5,2421
6,2248
7,5415
8,6095
9,877
10,5181
11,3464
12,4947
13,6115
14,1757
1,5136
2,18
3,1580
4,830
5,4807
6,7003
7,4225
8,1736
9,4222
10,1675
11,8904
12,6096
13,8466
14,6671
1,6209
2,4120
3,2713
4,2400
5,3839
6,6327
7,225
8,692
9,208
10,64
11,2917
12,3672
13,2779
14,1211
1,8133
2,7410
3,3402
4,279
5,3760
6,1642
7,8990
8,3565
9,8827
10,2955
11,7271
12,3558
13,5380
14,5851
1,1175
2,8561
3,9140
4,7183
5,537
6,6501
7,4995
8,5670
9,5180
10,4887
11,1922
12,6249
13,8045
14,7466
1,627
2,7515
3,8009
4,7756
5,6022
6,3628
7,6132
8,3517
9,9495
10,4581
11,1371
12,3403
13,1555
14,8567
1,3142
2,2335
3,5285
4,8509
5,3615
6,200
7,6027
8,8965
9,7659
10,5688
11,3954
12,756
13,2597
14,2210
1,1080
2,4934
3,4121
4,5016
5,8147
6,4535
7,7471
8,4911
9,9281
10,6786
11,5444
12,8797
13,6005
14,4136
1,695
2,5599
3,376
4,661
5,1926
6,9258
7,5193
8,8269
9,4499
10,272
11,4727
12,7618
13,3781
14,928
1,7657
2,315
3,8986
4,9585
5,6660
6,4339
7,4547
8,7698
9,8857
10,8483
11,8058
12,4231
13,9459
14,6548
1,9432
2,9380
3,3494
4,6274
5,4321
6,1979
7,238
8,8558
9,9728
10,6118
11,9618
12,1877
13,1294
14,132
1,3284
2,5581
3,9029
4,8949
5,6182
6,8534
7,7971
8,3344
9,1743
10,1739
11,4413
12,6762
13,7856
14,271
1,2576
2,574
3,4268
4,219
5,4242
6,3949
7,4250
8,5263
9,8381
10,7569
11,7559
12,6489
13,258
14,4992
1,4086
2,7591
3,4675
4,3910
5,2915
6,1471
7,2490
8,401
9,2080
10,9667
11,6119
12,1771
13,9491
14,3912
1,7826
2,9409
3,9049
4,4179
5,2765
6,5583
7,3411
8,4760
9,1284
10,7280
11,5961
12,9176
13,3345
14,5832
1,2511
2,9488
3,1263
4,704
5,9272
6,3832
7,3346
8,4187
9,9320
10,5750
11,1919
12,9942
13,2864
14,8434
1,3539
2,9216
3,4900
4,9757
5,2268
6,3767
7,362
8,4643
9,1909
10,6700
11,7636
12,8531
13,1103
14,1164
1,8334
2,6835
3,5159
4,5980
5,1875
6,6042
7,6024
8,3818
9,609
10,5625
11,3154
12,7242
13,8516
14,9408
1,6210
2,8609
3,4021
4,6684
5,3256
6,5910
7,9813
8,2912
9,9844
10,4488
11,1622
12,2899
13,7553
14,1014
1,1712
2,2410
3,3486
4,3995
5,4497
6,8460
7,7026
8,8396
9,349
10,8618
11,725
12,2667
13,1666
14,2148
1,2725
2,5654
3,9150
4,8991
5,6828
6,5450
7,8339
8,9980
9,6885
10,9609
11,3927
12,2185
13,773
14,430
1,9435
2,7617
3,547
4,8881
5,794
6,8698
7,77
8,2147
9,3573
10,3611
11,715
12,7313
13,4034
14,6167
1,7495
2,5543
3,6891
4,5229
5,2009
6,2838
7,2793
8,4636
9,7449
10,6252
11,7286
12,5921
13,496
14,3128
1,3795
2,361
3,8102
4,9413
5,6749
6,446
7,7775
8,8370
9,2681
10,475
11,7216
12,9214
13,2420
14,1196
1,9313
2,7882
3,1786
4,9886
5,6836
6,4462
7,9735
8,7034
9,1778
10,4560
11,8909
12,4094
13,8844
14,1734
1,4252
2,9146
3,6876
4,7130
5,9988
6,8405
7,53
8,5712
9,4550
10,8743
11,3618
12,6602
13,8360
14,7172
1,247
2,8792
3,8524
4,7348
5,6338
6,9955
7,7929
8,7667
9,2131
10,8444
11,9678
12,5403
13,7421
14,9807
1,3129
2,5617
3,1873
4,351
5,4834
6,2120
7,7780
8,2507
9,506
10,5106
11,6942
12,8647
13,8192
14,4221
1,6785
2,8284
3,6647
4,7904
5,6738
6,2265
7,8541
8,8066
9,1070
10,1601
11,2548
12,7982
13,3725
14,2820
1,1589
2,6103
3,2327
4,8268
5,3414
6,3329
7,9880
8,1005
9,8213
10,4138
11,979
12,9543
13,919
14,4261
1,1920
2,752
3,9654
4,482
5,7866
6,5147
7,3663
8,614
9,7836
10,7967
11,2329
12,7948
13,2628
14,9334
1,8136
2,8036
3,6455
4,3493
5,8250
6,8105
7,6395
8,2231
9,9724
10,539
11,2302
12,1952
13,5682
14,1192
1,5219
2,2065
3,6784
4,3999
5,5592
6,7862
7,6989
8,1112
9,6734
10,9967
11,7301
12,8634
13,3356
14,2958
1,4082
2,6065
3,2108
4,4218
5,9426
6,3893
7,2672
8,5834
9,554
10,7335
11,6007
12,8022
13,5042
14,6253
1,3737
2,1983
3,1140
4,3401
5,2603
6,2758
7,3535
8,8455
9,216
10,1937
11,2644
12,1076
13,711
14,1717
1,6985
2,526
3,4352
4,4475
5,1435
6,9972
7,27
8,2895
9,9291
10,2429
11,4238
12,6259
13,8957
14,857
1,329
2,5566
3,4831
4,7042
5,4698
6,2798
7,7999
8,3994
9,5262
10,9082
11,8913
12,2598
13,4747
14,9911
1,8769
2,6461
3,2970
4,2164
5,4673
6,8751
7,7383
8,9524
9,1229
10,4619
11,8615
12,5351
13,7564
14,2776
1,550
2,7663
3,7281
4,9143
5,1416
6,7916
7,9891
8,8376
9,7043
10,1592
11,3645
12,344
13,8645
14,6372
1,7453
2,415
3,9552
4,2311
5,1882
6,74
7,3679
8,522
9,2515
10,1234
11,8458
12,3690
13,4922
14,2153
1,758
2,4928
3,9381
4,9152
5,8014
6,1896
7,4929
8,4899
9,4480
10,3534
11,5666
12,1823
13,549
14,7507
1,8188
2,2026
3,8702
4,399
5,8560
6,4532
7,7218
8,4786
9,5215
10,1981
11,4046
12,2372
13,2542
14,9669
1,577
2,6483
3,1128
4,302
5,465
6,7838
7,651
8,4088
9,4035
10,5056
11,7349
12,2351
13,8658
14,935
1,42
2,748
3,3059
4,7626
5,3824
6,3336
7,6347
8,2253
9,4039
10,8242
11,7935
12,2112
13,5908
14,1040
1,3468
2,8796
3,7054
4,2711
5,7099
6,675
7,1428
8,7170
9,9704
10,3055
11,1307
12,4267
13,3338
14,5950
1,7562
2,4114
3,412
4,3544
5,7340
6,8902
7,7417
8,4962
9,6222
10,3546
11,6518
12,8435
13,775
14,6657
1,8088
2,3481
3,9302
4,94
5,6712
6,8401
7,5207
8,3779
9,1394
10,8987
11,9857
12,1048
13,5737
14,7800
1,691
2,2432
3,8540
4,5474
5,625
6,6847
7,2826
8,8921
9,8085
10,5706
11,2753
12,8125
13,6445
14,1254
1,9892
2,8988
3,5122
4,9437
5,4587
6,7831
7,2426
8,7191
9,6757
10,5874
11,3550
12,7536
13,7246
14,8398
1,2886
2,6300
3,593
4,9420
5,6593
6,4009
7,3598
8,1156
9,3847
10,4802
11,8164
12,8498
13,2751
14,2202
1,6580
2,3126
3,6829
4,7195
5,9756
6,9383
7,7132
8,2563
9,2214
10,3258
11,5258
12,6736
13,2163
14,2107
1,4942
2,1906
3,3855
4,1119
5,3301
6,3961
7,5090
8,851
9,3319
10,2512
11,2416
12,8573
13,6311
14,2529
1,2032
2,680
3,6844
4,1817
5,1384
6,7106
7,6826
8,2792
9,5564
10,2534
11,891
12,2083
13,462
14,3654
1,4764
2,2700
3,1100
4,8584
5,182
6,230
7,196
8,5383
9,2517
10,8232
11,7330
12,7224
13,3500
14,6188
1,5787
2,7542
3,4137
4,1871
5,2149
6,3011
7,375
8,760
9,3254
10,5392
11,6917
12,4189
13,8539
14,7326
1,3731
2,7795
3,3687
4,5638
5,894
6,9660
7,3849
8,4186
9,3708
10,2660
11,9939
12,3473
13,334
14,6743
1,1260
2,8675
3,3729
4,3744
5,2380
6,3375
7,3723
8,7691
9,5324
10,6243
11,9749
12,5560
13,2042
14,5339
1,4180
2,4269
3,9421
4,7190
5,6794
6,4790
7,2522
8,3809
9,2640
10,5957
11,5794
12,5048
13,1343
14,5266
1,9388
2,2530
3,5302
4,804
5,8835
6,2611
7,6717
8,5298
9,8629
10,1520
11,3515
12,1907
13,2056
14,6601
1,7059
2,6195
3,2094
4,7584
5,7832
6,874
7,322
8,2883
9,9993
10,9981
11,5608
12,5457
13,4822
14,2193
1,9137
2,3629
3,3182
4,9637
5,4604
6,6954
7,6650
8,6174
9,5695
10,5310
11,6613
12,5819
13,9987
14,1137
1,1571
2,1218
3,9069
4,49
5,2971
6,8163
7,6140
8,7101
9,4865
10,6737
11,287
12,3556
13,2658
14,9196
1,5776
2,8469
3,9269
4,7637
5,4500
6,7753
7,8931
8,2194
9,585
10,4639
11,5675
12,9348
13,8429
14,5955
1,1903
2,4369
3,6112
4,6509
5,4505
6,2479
7,3290
8,6428
9,4240
10,5646
11,7105
12,3567
13,4507
14,8919
1,2854
2,3510
3,9969
4,9375
5,8402
6,5404
7,9523
8,2896
9,2573
10,4983
11,3975
12,6363
13,5034
14,1828
1,2158
2,9949
3,3050
4,5726
5,1990
6,974
7,9908
8,7642
9,1530
10,5767
11,466
12,9634
13,7758
14,6107
1,8838
2,4597
3,1777
4,8623
5,8245
6,5945
7,2186
8,7801
9,8202
10,4622
11,9429
12,3503
13,9561
14,2189
1,8218
2,202
3,2737
4,5225
5,7176
6,8782
7,7681
8,2115
9,741
10,7029
11,9621
12,7414
13,3339
14,3157
1,2786
2,8593
3,6479
4,9234
5,416
6,4483
7,5491
8,5187
9,6281
10,4931
11,8277
12,1182
13,4198
14,6747
1,2124
2,270
3,7478
4,2364
5,5520
6,1122
7,5362
8,7745
9,7946
10,9722
11,9588
12,78
13,9311
14,9209
1,7822
2,8457
3,8821
4,1107
5,6111
6,5588
7,7521
8,6040
9,9369
10,6459
11,2401
12,6058
13,8772
14,4108
1,2526
2,8363
3,5080
4,2022
5,1696
6,7851
7,4732
8,4409
9,1897
10,3101
11,6542
12,9377
13,8858
14,464
1,6280
2,3242
3,924
4,7303
5,564
6,1587
7,2301
8,3030
9,8707
10,5186
11,4310
12,297
13,4208
14,774
1,3966
2,4051
3,8664
4,2930
5,8104
6,909
7,7899
8,7402
9,1957
10,8814
11,2802
12,6563
13,9358
14,8806
1,3112
2,5164
3,3164
4,8168
5,2111
6,9242
7,672
8,850
9,4485
10,8304
11,4494
12,7071
13,3424
14,803
1,2698
2,1370
3,6962
4,6675
5,2121
6,4888
7,4963
8,5116
9,7751
10,2924
11,9175
12,6626
13,5273
14,4478
1,4789
2,3259
3,8251
4,3913
5,4107
6,8788
7,9446
8,9533
9,7169
10,799
11,3828
12,6765
13,4778
14,3962
1,9507
2,6232
3,2693
4,7441
5,8983
6,4661
7,5747
8,1628
9,2467
10,1166
11,9178
12,5399
13,295
14,2810
1,3992
2,953
3,6536
4,9572
5,1507
6,7952
7,3367
8,5348
9,9861
10,6436
11,3982
12,1017
13,5495
14,1131
1,8493
2,7304
3,7787
4,7845
5,6898
6,7513
7,6933
8,2543
9,2484
10,9233
11,2747
12,7120
13,9994
14,51
1,1227
2,4000
3,9044
4,9871
5,1908
6,3988
7,147
8,22
9,7578
10,8183
11,8752
12,4170
13,7976
14,8325
1,6061
2,6333
3,7499
4,2972
5,410
6,2851
7,9094
8,5108
9,1923
10,9250
11,8172
12,6901
13,6064
14,6941
1,8047
2,3187
3,9768
4,8699
5,1151
6,9838
7,7715
8,8597
9,7308
10,69
11,4195
12,5401
13,9001
14,7419
1,5442
2,515
3,7669
4,4525
5,2043
6,7358
7,9501
8,8234
9,1270
10,6474
11,3303
12,3139
13,7493
14,1126
1,551
2,1801
3,3460
4,6451
5,7516
6,2692
7,7613
8,2643
9,2706
10,4105
11,4399
12,3813
13,3637
14,7000
1,2371
2,4425
3,5805
4,8019
5,2344
6,6432
7,6649
8,3405
9,32
10,8205
11,474
12,1051
13,4752
14,4351
1,9522
2,6723
3,4181
4,8889
5,5558
6,4065
7,9760
8,6646
9,6878
10,1879
11,505
12,4504
13,484
14,6197
1,5179
2,5297
3,9198
4,9538
5,9775
6,1248
7,639
8,8505
9,2176
10,4940
11,9610
12,8910
13,3594
14,6477
1,9770
2,9346
3,3361
4,6781
5,7983
6,7987
7,1832
8,6547
9,8638
10,2688
11,300
12,5338
13,8960
14,1733
1,702
2,7791
3,3764
4,6204
5,3925
6,5153
7,2232
8,2472
9,5992
10,6492
11,217
12,4070
13,5410
14,6812
1,7943
2,6572
3,4603
4,66
5,5582
6,3525
7,7233
8,9265
9,6389
10,3389
11,5007
12,814
13,3332
14,9470
1,7565
2,3928
3,1453
4,5860
5,888
6,1706
7,6381
8,8092
9,2922
10,5210
11,2675
12,5759
13,7475
14,5979
1,3523
2,4119
3,9058
4,1043
5,4948
6,4135
7,2254
8,7023
9,2037
10,4473
11,8433
12,8366
13,5461
14,8692
1,4387
2,2451
3,1925
4,6859
5,7236
6,1079
7,3179
8,7460
9,5146
10,3391
11,9285
12,4974
13,8083
14,9849
1,7762
2,4638
3,865
4,2939
5,5231
6,5532
7,3153
8,6212
9,5152
10,3706
11,2208
12,7621
13,4729
14,7846
1,8980
2,535
3,6716
4,6710
5,4260
6,6495
7,5211
8,4043
9,5189
10,9765
11,5549
12,5113
13,6702
14,2722
1,7091
2,2881
3,6866
4,9321
5,1606
6,2062
7,9598
8,9558
9,6708
10,8715
11,2297
12,5881
13,1759
14,4989
1,9000
2,4755
3,822
4,9514
5,1862
6,9848
7,1744
8,1659
9,5602
10,540
11,4901
12,5043
13,8490
14,7993
1,9915
2,9262
3,2395
4,2824
5,4763
6,8470
7,3118
8,8128
9,1482
10,3987
11,3458
12,9387
13,1774
14,2645
1,7951
2,642
3,1596
4,1731
5,3436
6,2513
7,4048
8,1030
9,6322
10,7270
11,8118
12,9762
13,1316
14,2436
1,4783
2,9933
3,1802
4,591
5,7096
6,4969
7,7701
8,4704
9,7131
10,2633
11,246
12,7200
13,1391
14,4211
1,4057
2,6850
3,8520
4,3111
5,6292
6,3543
7,190
8,7290
9,1562
10,8685
11,8604
12,4085
13,1633
14,7173
1,2811
2,6396
3,9502
4,9985
5,9461
6,6150
7,6778
8,5296
9,2908
10,7360
11,9257
12,5728
13,4445
14,9641
1,6911
2,1732
3,2728
4,3020
5,9353
6,4176
7,6943
8,1889
9,1769
10,4312
11,1648
12,8537
13,9960
14,2061
1,8307
2,7126
3,4401
4,7833
5,1098
6,7168
7,9557
8,548
9,1617
10,9490
11,1159
12,61
13,6343
14,6098
1,6399
2,3782
3,9229
4,6523
5,5555
6,981
7,9628
8,9032
9,5323
10,1318
11,3834
12,7743
13,6458
14,6839
1,3716
2,8501
3,1240
4,2003
5,8078
6,6085
7,6026
8,1000
9,4153
10,8023
11,777
12,9923
13,7804
14,7708
1,8327
2,9133
3,7730
4,658
5,5650
6,9979
7,7361
8,9151
9,1890
10,4742
11,6843
12,259
13,2608
14,8090
1,1842
2,8345
3,1386
4,2707
5,8659
6,7879
7,4205
8,5679
9,1670
10,4823
11,8660
12,3627
13,354
14,3676
1,235
2,3448
3,1768
4,9125
5,1385
6,1784
7,5025
8,7524
9,3314
10,6868
11,1539
12,4487
13,6480
14,9254
1,684
2,2393
3,7813
4,8266
5,2188
6,9054
7,3812
8,1034
9,5217
10,5385
11,6083
12,673
13,7102
14,1918
1,8721
2,8039
3,2296
4,2360
5,2800
6,144
7,1869
8,8324
9,4016
10,9668
11,1148
12,9792
13,3225
14,9605
1,7876
2,8755
3,8082
4,6329
5,9145
6,693
7,589
8,4827
9,2285
10,7016
11,9337
12,4072
13,511
14,5445
1,5576
2,9100
3,2664
4,9101
5,7688
6,4163
7,4196
8,7605
9,7305
10,6124
11,7690
12,456
13,6247
14,1233
1,6560
2,2570
3,786
4,6983
5,3549
6,4454
7,4126
8,8295
9,8582
10,1008
11,8863
12,7930
13,6823
14,4686
1,1880
2,6809
3,3945
4,5689
5,536
6,4309
7,9918
8,2277
9,1951
10,8962
11,4641
12,2985
13,8419
14,7434
1,9405
2,3639
3,9603
4,274
5,5232
6,2387
7,2308
8,1970
9,3220
10,4371
11,2014
12,5800
13,1943
14,8774
1,1003
2,1127
3,8404
4,3986
5,5367
6,840
7,260
8,7938
9,408
10,7793
11,7870
12,1989
13,8113
14,7390
1,7975
2,1845
3,7202
4,8682
5,4347
6,3212
7,2869
8,7143
9,4359
10,8908
11,394
12,5755
13,1547
14,1504
1,3561
2,4265
3,9467
4,1528
5,9833
6,7380
7,4919
8,9231
9,5261
10,5933
11,1255
12,815
13,9845
14,1072
1,5891
2,8203
3,4130
4,3078
5,7362
6,590
7,8153
8,3074
9,3455
10,5786
11,8946
12,7705
13,7771
14,4526
1,417
2,7463
3,3970
4,6957
5,1252
6,8262
7,1982
8,5076
9,9270
10,3180
11,4679
12,5645
13,3124
14,7097
1,1204
2,1401
3,2945
4,2646
5,9850
6,4385
7,3896
8,7500
9,996
10,9575
11,8903
12,6531
13,8315
14,2052
1,8976
2,1195
3,4029
4,753
5,9211
6,263
7,4596
8,9478
9,3788
10,2739
11,9227
12,9822
13,8338
14,7174
1,9200
2,4615
3,2098
4,9766
5,2602
6,1704
7,1228
8,1962
9,3002
10,8303
11,1665
12,9289
13,8512
14,1319
1,9378
2,2102
3,6990
4,2927
5,4859
6,8408
7,1854
8,7223
9,6079
10,7018
11,6543
12,6230
13,6666
14,5789
1,6425
2,4349
3,8569
4,9235
5,4129
6,9818
7,4404
8,4018
9,3137
10,3119
11,6709
12,20
13,8802
14,6475
1,6298
2,449
3,3392
4,1259
5,7985
6,5527
7,117
8,7956
9,690
10,3370
11,3379
12,615
13,4069
14,9951
1,6793
2,1643
3,3026
4,2192
5,9027
6,2024
7,3152
8,616
9,2652
10,2505
11,1446
12,910
13,3939
14,9946
1,8476
2,599
3,2249
4,4178
5,6773
6,4904
7,2207
8,3198
9,52
10,2272
11,4612
12,3080
13,9479
14,8361
1,757
2,5395
3,9316
4,1087
5,9086
6,4624
7,1441
8,5067
9,9123
10,7989
11,9399
12,3323
13,228
14,6490
1,9485
2,1874
3,7586
4,4853
5,3288
6,7455
7,925
8,7615
9,4210
10,8407
11,7314
12,1024
13,6748
14,4516
1,9071
2,4460
3,7550
4,3943
5,4459
6,1783
7,9221
8,6038
9,2710
10,7227
11,5272
12,9889
13,2461
14,2941
1,5722
2,3169
3,9015
4,8420
5,5081
6,7044
7,1094
8,2981
9,5452
10,7958
11,4052
12,6934
13,4537
14,9697
1,5808
2,1445
3,8971
4,5105
5,341
6,2656
7,5830
8,2944
9,29
10,266
11,5150
12,4972
13,1893
14,6364
1,7512
2,8867
3,3365
4,3854
5,4583
6,6664
7,8040
8,6992
9,6960
10,5070
11,1141
12,7088
13,72
14,5621
1,705
2,8825
3,9956
4,5250
5,3720
6,6768
7,284
8,1632
9,4280
10,6272
11,645
12,7103
13,3871
14,6981
1,914
2,1767
3,2382
4,5718
5,1341
6,9390
7,4036
8,1568
9,9483
10,8448
11,6549
12,2156
13,6966
14,2940
1,3230
2,9726
3,4743
4,9821
5,2414
6,7494
7,8696
8,5642
9,5938
10,3583
11,3121
12,783
13,2449
14,1489
1,7627
2,100
3,5032
4,3047
5,2464
6,6680
7,7631
8,7188
9,8169
10,5705
11,2650
12,2038
13,1438
14,8859
1,4999
2,7427
3,941
4,6508
5,9109
6,4692
7,1822
8,3404
9,1062
10,3044
11,8244
12,2357
13,9790
14,4943
1,2128
2,8575
3,6984
4,8254
5,7424
6,2952
7,779
8,5676
9,8728
10,3120
11,4652
12,3359
13,5973
14,6798
1,6299
2,5941
3,6270
4,5685
5,6999
6,3229
7,3247
8,9092
9,1479
10,7633
11,1125
12,8961
13,4515
14,2437
1,8917
2,3518
3,7050
4,382
5,4633
6,9292
7,1930
8,2880
9,6465
10,8374
11,696
12,6857
13,6101
14,6511
1,5687
2,4182
3,8352
4,902
5,4861
6,1209
7,4346
8,1752
9,7121
10,5760
11,7632
12,2612
13,4606
14,5648
1,2857
2,2567
3,3151
4,6176
5,1556
6,9468
7,829
8,4388
9,8842
10,3017
11,3443
12,1216
13,4524
14,1708
1,3735
2,8799
3,1225
4,257
5,3326
6,4549
7,9516
8,3138
9,2748
10,7560
11,6408
12,6537
13,2057
14,7640
1,8843
2,8427
3,7850
4,6466
5,4618
6,494
7,5879
8,1935
9,167
10,3715
11,7114
12,5996
13,3388
14,4123
1,3775
2,7908
3,4538
4,5141
5,5371
6,7413
7,983
8,9290
9,5377
10,2736
11,6873
12,7861
13,4204
14,8766
1,4402
2,7932
3,6088
4,8107
5,2310
6,2403
7,9664
8,4531
9,2547
10,4870
11,6875
12,9156
13,9597
14,7198
1,2010
2,7979
3,491
4,3496
5,7116
6,5940
7,6908
8,5901
9,918
10,7265
11,2663
12,3207
13,9136
14,1593
1,8369
2,8885
3,9620
4,7902
5,900
6,2784
7,1515
8,5226
9,8431
10,5887
11,2539
12,4164
13,6328
14,101
1,2092
2,1948
3,2408
4,5522
5,708
6,6869
7,984
8,6564
9,2701
10,558
11,7322
12,2347
13,6147
14,8426
1,7051
2,9141
3,5066
4,1931
5,6070
6,4666
7,2557
8,2715
9,8115
10,6435
11,4318
12,5674
13,336
14,7551
1,4921
2,5497
3,7964
4,9577
5,582
6,5600
7,5381
8,2745
9,8832
10,6862
11,7209
12,2531
13,659
14,8335
1,1468
2,3462
3,4212
4,6893
5,2133
6,3417
7,8872
8,275
9,4337
10,8287
11,990
12,3216
13,3704
14,9640
1,952
2,843
3,7080
4,6001
5,6090
6,7069
7,3076
8,2391
9,7802
10,7923
11,1961
12,1495
13,7857
14,9417
1,3532
2,3569
3,2499
4,8076
5,199
6,4030
7,8809
8,6720
9,1503
10,3936
11,103
12,7135
13,3452
14,2502
1,9859
2,3423
3,7384
4,5923
5,6342
6,6307
7,8110
8,4023
9,807
10,2721
11,9241
12,1214
13,6382
14,9110
1,8677
2,1022
3,5806
4,8383
5,5322
6,1063
7,4033
8,7816
9,6463
10,9547
11,2527
12,3990
13,1410
14,3106
1,7150
2,9590
3,2424
4,8927
5,6605
6,6753
7,4116
8,9773
9,3668
10,817
11,4236
12,348
13,6321
14,5972
1,9890
2,9452
3,764
4,5320
5,3209
6,8127
7,6520
8,7264
9,5673
10,2478
11,9126
12,48
13,5570
14,7849
1,3489
2,7300
3,3743
4,6865
5,5074
6,8878
7,8064
8,6955
9,5798
10,9431
11,5936
12,8763
13,2600
14,5626
1,9492
2,5584
3,5717
4,5331
5,7913
6,5900
7,4930
8,8804
9,8301
10,2212
11,8506
12,4937
13,5533
14,1433
1,5316
2,7896
3,5406
4,8354
5,3022
6,4316
7,8206
8,1136
9,2279
10,6326
11,2074
12,8562
13,9361
14,5163
1,3586
2,1377
3,1118
4,311
5,15
6,8650
7,5346
8,8142
9,5453
10,1709
11,5966
12,8296
13,4360
14,8156
1,8247
2,2070
3,7235
4,2155
5,6288
6,9090
7,7208
8,6775
9,7100
10,8901
11,9296
12,2452
13,6810
14,440
1,8480
2,2858
3,5
4,8201
5,2932
6,1559
7,9860
8,483
9,8495
10,3127
11,2942
12,1996
13,8864
14,6366
1,587
2,869
3,5847
4,193
5,7649
6,452
7,8606
8,5865
9,1444
10,2554
11,296
12,3595
13,6217
14,3930
1,897
2,656
3,7707
4,2117
5,7894
6,2399
7,9282
8,1430
9,6576
10,3221
11,9195
12,3005
13,463
14,4331
1,8970
2,7031
3,4049
4,6506
5,9385
6,7853
7,5124
8,3292
9,2177
10,438
11,8415
12,6932
13,6207
14,8591
1,2007
2,4429
3,7703
4,3909
5,1812
6,5365
7,1613
8,6930
9,2468
10,2862
11,6185
12,6645
13,4251
14,1183
1,5509
2,9747
3,2905
4,8468
5,2227
6,5357
7,2564
8,7124
9,4893
10,7554
11,934
12,6169
13,6418
14,6433
1,3648
2,2796
3,9112
4,6538
5,37
6,3634
7,3203
8,3450
9,1544
10,7819
11,3377
12,1594
13,3407
14,381
1,8856
2,1293
3,7580
4,8255
5,7394
6,9325
7,1078
8,4978
9,2492
10,220
11,7639
12,6912
13,4467
14,5358
1,3700
2,9916
3,173
4,4423
5,3325
6,3732
7,9053
8,949
9,1630
10,492
11,8384
12,7323
13,4375
14,908
1,5604
2,7545
3,5313
4,3082
5,9631
6,9737
7,9201
8,2680
9,6686
10,3067
11,9808
12,5663
13,3466
14,1146
1,3826
2,2385
3,1188
4,50
5,9897
6,3472
7,7934
8,8890
9,8122
10,2048
11,2535
12,6297
13,8542
14,1898
1,9188
2,6612
3,4794
4,8272
5,1287
6,8038
7,2789
8,4103
9,4274
10,2333
11,6552
12,8124
13,6062
14,3942
1,8346
2,1664
3,4840
4,4139
5,8547
6,479
7,3521
8,7606
9,4668
10,679
11,3479
12,8400
13,778
14,3768
1,9904
2,9772
3,6497
4,4461
5,8709
6,6143
7,7433
8,5363
9,4161
10,7548
11,5836
12,6726
13,8258
14,6907
1,3084
2,1927
3,9707
4,7693
5,6235
6,4146
7,7829
8,1035
9,436
10,2830
11,6359
12,9806
13,3438
14,9924
1,7702
2,4871
3,1895
4,3742
5,4779
6,2910
7,8094
8,2619
9,472
10,1407
11,9322
12,7153
13,2734
14,7634
1,125
2,7805
3,9869
4,450
5,5770
6,1155
7,3353
8,2187
9,4424
10,6819
11,3621
12,9343
13,3921
14,4608
1,771
2,3093
3,3357
4,1473
5,1064
6,9463
7,8719
8,9638
9,7137
10,4852
11,4308
12,2316
13,4372
14,9928
1,2589
2,9635
3,9105
4,9816
5,563
6,6965
7,8100
8,4215
9,2415
10,7546
11,9144
12,9695
13,4864
14,1703
1,1342
2,1776
3,5519
4,9586
5,4288
6,7035
7,9852
8,1413
9,1949
10,1056
11,8362
12,3955
13,7767
14,8471
1,8248
2,2929
3,7428
4,454
5,1912
6,7713
7,7880
8,6993
9,1881
10,7914
11,7937
12,3218
13,4101
14,3372
1,601
2,4543
3,7436
4,487
5,8060
6,1913
7,9177
8,4572
9,4533
10,4842
11,1878
12,7965
13,1013
14,1291
1,2106
2,3410
3,1303
4,1972
5,4042
6,4115
7,1129
8,9573
9,1825
10,6611
11,379
12,6286
13,2651
14,818
1,640
2,4699
3,8052
4,3012
5,8600
6,1238
7,8525
8,1818
9,3859
10,8950
11,1217
12,5916
13,6695
14,4993
1,4024
2,8193
3,3440
4,2045
5,6293
6,8494
7,2916
8,8748
9,2501
10,3740
11,1525
12,2226
13,8517
14,4923
1,4671
2,9520
3,9642
4,4087
5,7992
6,6464
7,7523
8,9617
9,1992
10,6571
11,3935
12,9607
13,9685
14,2077
1,8744
2,5242
3,8080
4,7036
5,5611
6,685
7,6919
8,5003
9,443
10,4575
11,8668
12,8922
13,4190
14,8292
1,8265
2,3933
3,4889
4,3498
5,4220
6,6164
7,4765
8,96
9,623
10,1585
11,4386
12,1963
13,3568
14,2592
1,2874
2,6526
3,2621
4,1256
5,8385
6,2890
7,7395
8,7483
9,7387
10,1692
11,8930
12,7697
13,1360
14,6902
1,5441
2,6420
3,218
4,1067
5,9879
6,201
7,7716
8,1886
9,9034
10,135
11,6234
12,8004
13,7013
14,4271
1,5998
2,5735
3,6110
4,4455
5,4584
6,1729
7,4343
8,308
9,3313
10,9868
11,2509
12,5432
13,3769
14,4167
1,3538
2,6141
3,2920
4,8311
5,1493
6,4295
7,9676
8,4332
9,9528
10,3001
11,8977
12,1627
13,4344
14,6609
1,5203
2,4367
3,12
4,116
5,7764
6,41
7,8657
8,7155
9,3469
10,6871
11,8283
12,2383
13,4663
14,2261
1,7429
2,8676
3,7283
4,8503
5,4857
6,7970
7,9050
8,7437
9,2146
10,2238
11,746
12,9504
13,3283
14,7076
1,9111
2,9705
3,5431
4,8862
5,373
6,3461
7,2630
8,6634
9,3766
10,9716
11,912
12,2695
13,4329
14,1924
1,5895
2,6904
3,7926
4,6172
5,6837
6,1400
7,8601
8,3850
9,1082
10,106
11,2787
12,252
13,3272
14,5260
1,1710
2,6384
3,5222
4,1027
5,7658
6,8316
7,7498
8,1915
9,6937
10,4447
11,6498
12,523
13,7735
14,8955
1,2085
2,7911
3,3803
4,8595
5,8975
6,4241
7,8389
8,938
9,9730
10,4443
11,2902
12,7840
13,9661
14,4128
1,455
2,390
3,9217
4,1701
5,5848
6,2696
7,7445
8,1097
9,793
10,3934
11,2222
12,9658
13,4298
14,9007
1,4482
2,8200
3,7136
4,9052
5,6854
6,6573
7,5550
8,4718
9,5162
10,567
11,3530
12,5389
13,6295
14,5605
1,5890
2,6621
3,9332
4,4781
5,6080
6,3470
7,8417
8,6763
9,1419
10,4593
11,579
12,5634
13,425
14,9047
1,3341
2,707
3,9024
4,292
5,210
6,4903
7,2086
8,4192
9,3888
10,5647
11,9842
12,2963
13,5283
14,6431
1,1543
2,521
3,4357
4,5503
5,1960
6,4439
7,7777
8,8010
9,4748
10,3802
11,2179
12,6018
13,9391
14,8710
1,2205
2,4007
3,6246
4,26
5,2815
6,1840
7,1059
8,6976
9,9706
10,9104
11,7803
12,8686
13,8912
14,3831
1,3711
2,2708
3,163
4,3993
5,2780
6,1424
7,7063
8,9486
9,4872
10,1366
11,4300
12,7079
13,8952
14,9571
1,3099
2,7907
3,8016
4,4726
5,3827
6,4299
7,4080
8,8953
9,330
10,2460
11,1537
12,923
13,7456
14,3552
1,8731
2,1408
3,7142
4,8222
5,3504
6,2761
7,5697
8,5596
9,6637
10,99
11,1093
12,4685
13,2891
14,5573
1,9160
2,1032
3,6454
4,5418
5,6261
6,273
7,763
8,8780
9,2956
10,3920
11,6948
12,4669
13,8787
14,1253
1,7641
2,4552
3,618
4,852
5,6377
6,4228
7,1421
8,7382
9,5609
10,86
11,4397
12,5783
13,2827
14,8918
1,4254
2,4898
3,5110
4,194
5,7260
6,7996
7,945
8,2313
9,9085
10,8670
11,7940
12,1295
13,3833
14,4365
1,5304
2,4477
3,8839
4,8624
5,1365
6,2129
7,936
8,7432
9,3688
10,4897
11,1304
12,7783
13,2839
14,6767
1,3318
2,1396
3,8388
4,6579
5,820
6,3897
7,5556
8,6718
9,205
10,1546
11,312
12,3199
13,6218
14,9067
1,5990
2,1827
3,1357
4,8583
5,1467
6,6447
7,448
8,3974
9,197
10,2518
11,6086
12,1677
13,5426
14,528
1,3085
2,2225
3,5531
4,3533
5,1404
6,2166
7,1411
8,1142
9,1770
10,6488
11,4653
12,6181
13,1266
14,3354
1,4062
2,6314
3,2021
4,4319
5,5746
6,7931
7,3686
8,6255
9,1511
10,3956
11,5064
12,6899
13,9469
14,9559
1,7709
2,3811
3,4294
4,2069
5,3058
6,4915
7,7333
8,8523
9,5471
10,5613
11,4232
12,5157
13,2788
14,488
1,721
2,3636
3,2953
4,797
5,4890
6,160
7,6874
8,8106
9,1598
10,2230
11,8590
12,5667
13,6306
14,5631
1,556
2,2638
3,8330
4,5046
5,2435
6,3845
7,8111
8,9864
9,2842
10,2988
11,1054
12,3821
13,6240
14,409
1,5669
2,9230
3,1222
4,104
5,357
6,4705
7,1332
8,1738
9,3088
10,2349
11,6915
12,5489
13,4970
14,1604
1,1548
2,2486
3,595
4,1492
5,3439
6,4418
7,2019
8,4571
9,5880
10,5964
11,6137
12,6437
13,578
14,6424
1,1917
2,2837
3,7263
4,4437
5,5467
6,7145
7,4419
8,7299
9,9992
10,9931
11,9471
12,3673
13,8438
14,7773
1,1272
2,4199
3,3846
4,9013
5,6304
6,1816
7,8119
8,4012
9,9149
10,766
11,2677
12,8484
13,4073
14,2199
1,6533
2,4063
3,5341
4,2439
5,2417
6,304
7,1090
8,1855
9,9048
10,1177
11,3110
12,4684
13,5198
14,7823
1,2050
2,1104
3,9202
4,3527
5,3840
6,7357
7,6133
8,9761
9,5166
10,4804
11,1761
12,6760
13,1406
14,3490
1,8734
2,9795
3,5498
4,808
5,3749
6,1968
7,3421
8,3234
9,8289
10,6600
11,9899
12,1230
13,1450
14,4152
1,1402
2,1721
3,3309
4,4363
5,7597
6,6283
7,8006
8,3904
9,3714
10,1273
11,7317
12,2903
13,6285
14,1425
1,2590
2,3066
3,4735
4,9887
5,1174
6,9072
7,121
8,4996
9,978
10,3202
11,3559
12,3915
13,8063
14,9392
1,4534
2,1285
3,3445
4,5300
5,4279
6,8557
7,3894
8,4702
9,2488
10,1618
11,7275
12,7566
13,6332
14,8290
1,3861
2,5902
3,7921
4,8373
5,6371
6,6997
7,2741
8,6457
9,8765
10,2662
11,1016
12,2989
13,9957
14,2342
1,7164
2,7750
3,6659
4,8906
5,6423
6,7785
7,5305
8,8992
9,5981
10,5085
11,1415
12,8837
13,3181
14,7454
1,5937
2,1921
3,7991
4,1640
5,4124
6,5246
7,5777
8,5165
9,9589
10,8121
11,3631
12,7786
13,176
14,9081
1,3446
2,7543
3,4055
4,3560
5,1999
6,9971
7,3953
8,7207
9,2585
10,1910
11,8152
12,6662
13,107
14,3219
1,1180
2,2350
3,9901
4,5538
5,5956
6,6652
7,1077
8,146
9,5051
10,3064
11,5756
12,2196
13,6087
14,4588
1,3312
2,6512
3,5167
4,7719
5,8948
6,4053
7,3095
8,276
9,9182
10,3589
11,9593
12,134
13,3308
14,7407
1,3183
2,8625
3,4430
4,1844
5,3513
6,4578
7,2775
8,6554
9,8508
10,2015
11,1671
12,2705
13,9043
14,1340
1,9732
2,8737
3,9630
4,622
5,1334
6,9474
7,9540
8,6924
9,8322
10,5031
11,9742
12,4400
13,1469
14,1834
1,5986
2,1542
3,1039
4,6841
5,1969
6,3862
7,7151
8,5221
9,5983
10,3484
11,3997
12,4637
13,4796
14,9063
1,5195
2,5668
3,2404
4,1280
5,6149
6,2067
7,6770
8,7644
9,3829
10,2521
11,2409
12,7893
13,2914
14,8876
1,6769
2,5044
3,5479
4,9255
5,6795
6,8397
7,5859
8,4415
9,1374
10,181
11,8605
12,9040
13,4689
14,5768
1,4216
2,9961
3,5661
4,6979
5,6604
6,8233
7,1178
8,8355
9,5278
10,2876
11,5465
12,9663
13,9460
14,3683
1,1713
2,9256
3,4060
4,8158
5,3382
6,2398
7,6851
8,1772
9,7211
10,1305
11,6596
12,7830
13,431
14,5494
1,2493
2,6471
3,9787
4,995
5,9576
6,520
7,6067
8,7156
9,734
10,2317
11,9952
12,7585
13,3892
14,2446
1,2961
2,2284
3,3190
4,8753
5,9698
6,3014
7,8114
8,5234
9,1187
10,1663
11,9415
12,4302
13,3465
14,2967
1,8617
2,2247
3,2219
4,2175
5,3929
6,1582
7,9245
8,1698
9,7392
10,8478
11,3132
12,1838
13,5281
14,7213
1,6025
2,4648
3,374
4,1667
5,3227
6,4645
7,6148
8,3315
9,5172
10,5054
11,8633
12,2809
13,3185
14,8467
1,2073
2,6706
3,5284
4,3794
5,7129
6,6146
7,5984
8,8764
9,3134
10,5999
11,538
12,6076
13,1819
14,9482
1,7201
2,8475
3,3958
4,6057
5,5131
6,442
7,9418
8,5492
9,9131
10,6832
11,5249
12,1681
13,5369
14,5022
1,1964
2,4722
3,1339
4,6200
5,6426
6,4960
7,6227
8,3869
9,2462
10,4649
11,70
12,3964
13,5801
14,6735
1,4446
2,3783
3,3712
4,4097
5,1727
6,8669
7,8581
8,1755
9,3396
10,2836
11,3114
12,68
13,9396
14,7274
1,8759
2,5826
3,1804
4,9057
5,4206
6,6936
7,6367
8,6354
9,5751
10,749
11,5151
12,4642
13,8742
14,3946
1,3906
2,9537
3,9755
4,2338
5,5864
6,3459
7,93
8,3608
9,2122
10,2659
11,644
12,833
13,5178
14,1841
1,630
2,1956
3,569
4,6583
5,6039
6,3322
7,2305
8,7726
9,2097
10,8994
11,6707
12,1655
13,3919
14,8641
1,608
2,4772
3,8344
4,4518
5,3463
6,6614
7,5340
8,2724
9,7912
10,4693
11,9414
12,7343
13,3800
14,3890
1,8350
2,8730
3,3482
4,4793
5,7944
6,9243
7,7363
8,7824
9,1718
10,9293
11,7755
12,2033
13,1813
14,1965
1,5733
2,8477
3,4075
4,6379
5,1264
6,6980
7,7549
8,9333
9,3293
10,1576
11,4003
12,6388
13,3635
14,1171
1,6239
2,5429
3,1359
4,4625
5,8069
6,7742
7,8075
8,8273
9,2169
10,3454
11,6814
12,8925
13,3042
14,9130
1,987
2,781
3,4420
4,7723
5,8259
6,3162
7,5953
8,2755
9,6628
10,8042
11,4817
12,5565
13,6603
14,3952
1,1597
2,5797
3,2878
4,8896
5,386
6,9521
7,1557
8,7269
9,6849
10,9374
11,5079
12,5092
13,3409
14,2025
1,8479
2,9841
3,3757
4,4879
5,8865
6,1466
7,1998
8,2516
9,9252
10,473
11,4019
12,6481
13,2211
14,5220
1,5093
2,9950
3,4151
4,4438
5,9802
6,2433
7,4111
8,6799
9,7535
10,678
11,7505
12,9434
13,9275
14,114
1,1315
2,3658
3,4038
4,2756
5,7482
6,4040
7,5484
8,7610
9,1265
10,6667
11,8017
12,8712
13,9778
14,6037
1,710
2,8679
3,6591
4,4551
5,2286
6,7025
7,3261
8,7577
9,6494
10,1069
11,9653
12,9636
13,3722
14,6963
1,5719
2,2263
3,7725
4,9424
5,4530
6,5971
7,1242
8,451
9,839
10,5510
11,8771
12,9666
13,525
14,5430
1,519
2,8241
3,47
4,975
5,9683
6,9925
7,9856
8,4806
9,7997
10,6926
11,6305
12,916
13,9982
14,5875
1,9096
2,4354
3,429
4,2965
5,1224
6,8449
7,5939
8,2772
9,2396
10,7558
11,1501
12,3004
13,1714
14,5547
1,3623
2,1839
3,139
4,3830
5,4994
6,8513
7,3597
8,3324
9,6348
10,3656
11,9359
12,7572
13,7860
14,3268
1,6897
2,3617
3,5134
4,2447
5,8915
6,5715
7,9046
8,4143
9,1809
10,8607
11,9512
12,3497
13,7968
14,3208
1,2848
2,8592
3,3171
4,8830
5,2699
6,8097
7,8713
8,6059
9,6584
10,2113
11,5597
12,5149
13,6184
14,9356
1,6691
2,7
3,6945
4,5710
5,7047
6,7041
7,9167
8,7282
9,4696
10,5230
11,3431
12,8779
13,2035
14,6006
1,4866
2,3908
3,4701
4,358
5,4307
6,9978
7,33
8,7844
9,6546
10,9623
11,7903
12,9926
13,6881
14,1250
1,8326
2,6530
3,7874
4,8187
5,1191
6,8167
7,4708
8,5610
9,233
10,2843
11,299
12,7974
13,3003
14,6780
1,345
2,9317
3,1440
4,1639
5,2423
6,122
7,3771
8,3666
9,8905
10,2714
11,9088
12,4973
13,2307
14,5024
1,8031
2,5867
3,1412
4,1117
5,2635
6,9684
7,4782
8,4194
9,5601
10,6815
11,239
12,7177
13,1212
14,363
1,3578
2,9025
3,8708
4,5257
5,1379
6,9648
7,5140
8,7789
9,9963
10,8655
11,2174
12,2095
13,1481
14,8754
1,4744
2,1465
3,2258
4,9874
5,8535
6,9012
7,5882
8,9117
9,3148
10,1277
11,5811
12,2326
13,7070
14,740
1,1457
2,1902
3,871
4,9508
5,1058
6,2322
7,342
8,2825
9,9159
10,4664
11,3061
12,9672
13,8611
14,460
1,3709
2,1478
3,7847
4,9690
5,8464
6,722
7,7858
8,665
9,9276
10,5349
11,398
12,8377
13,727
14,9287
1,9210
2,1848
3,1001
4,9785
5,293
6,4394
7,6910
8,7279
9,3034
10,1654
11,3023
12,933
13,1071
14,2474
1,7045
2,4284
3,1586
4,3172
5,2718
6,5387
7,9699
8,8450
9,5635
10,3923
11,3863
12,3593
13,942
14,9244
1,3979
2,6575
3,9536
4,2670
5,2716
6,6959
7,8536
8,6665
9,256
10,5083
11,9797
12,835
13,4569
14,5598
1,8288
2,5409
3,9158
4,1856
5,2964
6,2704
7,8341
8,9888
9,9691
10,810
11,4514
12,3149
13,6529
14,7241
1,8870
2,5541
3,8053
4,8051
5,4851
6,8868
7,7458
8,8773
9,46
10,1993
11,9983
12,4173
13,5098
14,6986
1,5466
2,4895
3,9867
4,3501
5,4104
6,1904
7,404
8,5572
9,9948
10,346
11,9303
12,5027
13,3662
14,1607
1,7957
2,1247
3,3205
4,8068
5,8866
6,3969
7,7972
8,3644
9,947
10,7134
11,9187
12,7217
13,533
14,9600
1,6406
2,4202
3,620
4,5472
5,192
6,3977
7,5616
8,8608
9,1954
10,5099
11,6189
12,231
13,9803
14,992
1,4855
2,647
3,5748
4,6094
5,8452
6,4527
7,4926
8,2306
9,6834
10,4913
11,8588
12,9246
13,8894
14,8148
1,2993
2,5552
3,9738
4,6745
5,1888
6,8756
7,1535
8,5893
9,9248
10,8175
11,1149
12,4682
13,1279
14,9260
1,9026
2,2340
3,5327
4,3280
5,1006
6,1462
7,5925
8,2463
9,9740
10,2504
11,7942
12,485
13,7253
14,1019
1,4964
2,6163
3,1737
4,3902
5,2900
6,8603
7,4691
8,7077
9,2503
10,4513
11,4799
12,649
13,9703
14,1447
1,6276
2,9611
3,1322
4,2388
5,6484
6,9947
7,2483
8,444
9,1060
10,6914
11,1599
12,4650
13,8003
14,2100
1,1985
2,3079
3,1836
4,9103
5,5424
6,7092
7,3176
8,1796
9,9384
10,3248
11,6334
12,3335
13,1185
14,3019
1,1685
2,214
3,1442
4,7108
5,7470
6,7774
7,6522
8,1780
9,7883
10,5812
11,2860
12,4965
13,4247
14,3626
1,5142
2,6721
3,2078
4,1049
5,2123
6,911
7,1362
8,5824
9,7345
10,4714
11,5309
12,581
13,1750
14,2099
1,5251
2,5139
3,498
4,4862
5,4188
6,9800
7,5762
8,9319
9,3638
10,7085
11,5899
12,8140
13,4561
14,9449
1,4017
2,1538
3,8998
4,6410
5,6429
6,4201
7,1851
8,9935
9,6730
10,7537
11,439
12,4784
13,7905
14,831
1,6776
2,5473
3,8613
4,4064
5,5330
6,6208
7,5227
8,9548
9,3299
10,7909
11,4681
12,9788
13,3950
14,2377
1,3554
2,6905
3,5119
4,7359
5,8571
6,4580
7,3526
8,6031
9,4877
10,1052
11,4440
12,9549
13,4656
14,1858
1,7125
2,2841
3,744
4,2181
5,6157
6,7440
7,3399
8,9693
9,4566
10,8570
11,5927
12,8387
13,8364
14,2002
1,8739
2,7807
3,7376
4,3941
5,4553
6,5026
7,2540
8,129
9,8323
10,6215
11,946
12,7865
13,7334
14,347
1,2790
2,1331
3,5253
4,845
5,6674
6,7540
7,1901
8,9305
9,5082
10,7514
11,3872
12,5886
13,8522
14,5553
1,461
2,5504
3,6599
4,6309
5,5505
6,1018
7,5736
8,6961
9,5969
10,1161
11,3604
12,5475
13,7529
14,5405
1,5408
2,7486
3,5138
4,8528
5,4442
6,1516
7,619
8,2300
9,2081
10,3349
11,457
12,9020
13,4835
14,5528
1,8313
2,1007
3,4109
4,6233
5,8421
6,6139
7,9581
8,370
9,9489
10,1312
11,1624
12,9717
13,3141
14,1235
1,4521
2,5252
3,3035
4,4908
5,743
6,3967
7,3643
8,8518
9,1929
10,7128
11,9056
12,57
13,9018
14,5223
1,1381
2,6642
3,6236
4,880
5,7288
6,6741
7,3548
8,6202
9,184
10,8667
11,738
12,5470
13,8393
14,1194
1,2289
2,3311
3,8790
4,4281
5,9207
6,6516
7,2370
8,9895
9,227
10,514
11,1095
12,3590
13,4322
14,5329
1,2665
2,5742
3,1170
4,8098
5,5382
6,4293
7,5379
8,9206
9,3798
10,848
11,8165
12,5248
13,6407
14,7251
1,9930
2,7895
3,1313
4,2353
5,7539
6,1936
7,3670
8,2593
9,3175
10,3358
11,8472
12,2275
13,5855
14,7738
1,7430
2,5469
3,3010
4,7248
5,105
6,4489
7,9480
8,4407
9,9798
10,5095
11,1916
12,2813
13,8067
14,6109
1,7497
2,8818
3,8879
4,3702
5,7939
6,4975
7,6337
8,391
9,3271
10,8005
11,6446
12,1066
13,1323
14,5741
1,9288
2,7160
3,1779
4,9002
5,1835
6,6503
7,6622
8,4486
9,8238
10,7603
11,7321
12,389
13,6692
14,4605
1,6313
2,2578
3,9991
4,5089
5,7781
6,4592
7,4936
8,4821
9,7452
10,7021
11,3
12,4769
13,2632
14,8219
1,9937
2,9213
3,6368
4,2853
5,1552
6,7459
7,1579
8,343
9,5010
10,3926
11,7835
12,8138
13,1872
14,904
1,2844
2,9825
3,2053
4,2935
5,8371
6,8428
7,5873
8,1243
9,7082
10,9881
11,427
12,2850
13,3932
14,6677
1,1133
2,510
3,2893
4,5481
5,3947
6,8132
7,8819
8,7799
9,4815
10,8760
11,8532
12,899
13,2168
14,9283
1,1403
2,3848
3,9673
4,4045
5,8243
6,6727
7,7734
8,5127
9,7871
10,7311
11,1853
12,1348
13,9815
14,8661
1,5121
2,8817
3,5460
4,350
5,8628
6,7438
7,2023
8,4410
9,111
10,870
11,7596
12,3310
13,2872
14,9751
1,8720
2,6946
3,7561
4,5680
5,3373
6,5077
7,7462
8,4739
9,9599
10,677
11,4891
12,1268
13,7205
14,1766
1,9959
2,9237
3,5500
4,3192
5,8552
6,3978
7,4740
8,2805
9,5671
10,5858
11,3976
12,9191
13,9835
14,2923
1,5745
2,8747
3,5524
4,2757
5,4771
6,7324
7,7855
8,180
9,4484
10,8511
11,6378
12,5922
13,6731
14,3025
1,405
2,2508
3,59
4,5738
5,2134
6,3710
7,6629
8,9688
9,2997
10,2262
11,9578
12,5447
13,387
14,294
1,994
2,966
3,4338
4,3159
5,8840
6,2574
7,9565
8,2541
9,6971
10,3940
11,6811
12,4730
13,9692
14,7656
1,6277
2,40
3,8851
4,5535
5,868
6,4110
7,8131
8,9135
9,1868
10,4493
11,9568
12,8745
13,4219
14,8639
1,9727
2,171
3,3728
4,6813
5,4002
6,8954
7,507
8,7881
9,7724
10,6820
11,3815
12,3145
13,3125
14,191
1,3791
2,8041
3,7420
4,5909
5,1782
6,2251
7,9494
8,7385
9,4854
10,9271
11,1660
12,2356
13,3755
14,2071
1,6578
2,6761
3,9626
4,3866
5,9783
6,3447
7,3065
8,9627
9,3260
10,4819
11,6808
12,4492
13,7119
14,2480
1,5903
2,501
3,6430
4,9896
5,3449
6,8101
7,565
8,2059
9,6921
10,8424
11,980
12,7220
13,9004
14,5373
1,4464
2,4713
3,6925
4,6266
5,414
6,7817
7,2482
8,3090
9,6268
10,145
11,4715
12,580
13,7746
14,5021
1,8795
2,5686
3,2519
4,403
5,7204
6,8574
7,500
8,6977
9,9912
10,3347
11,5963
12,4015
13,89
14,3857
1,5967
2,4721
3,1859
4,2735
5,6231
6,6620
7,5683
8,9204
9,6055
10,8134
11,4858
12,5960
13,3522
14,6524
1,7501
2,2687
3,9264
4,6766
5,3600
6,91
7,8412
8,4800
9,4896
10,5493
11,4780
12,8663
13,8261
14,6472
1,1309
2,6028
3,2572
4,5725
5,7148
6,2606
7,3281
8,8239
9,5254
10,736
11,3108
12,6858
13,9719
14,6877
1,1693
2,7484
3,583
4,5660
5,1605
6,2126
7,8662
8,6014
9,561
10,3998
11,6068
12,6206
13,2596
14,1887
1,8062
2,7759
3,6625
4,3378
5,5569
6,1711
7,9786
8,3564
9,3028
10,4676
11,6187
12,7339
13,2198
14,4812
1,1620
2,7332
3,1653
4,4435
5,6267
6,7056
7,1608
8,3575
9,9903
10,7555
11,1356
12,2182
13,5274
14,5731
1,1581
2,7695
3,7152
4,9689
5,8672
6,489
7,9367
8,4868
9,1115
10,9986
11,8170
12,2870
13,2287
14,8216
1,8359
2,2703
3,8942
4,4076
5,603
6,5239
7,289
8,6403
9,7006
10,5975
11,3785
12,5202
13,6982
14,7645
1,5421
2,3246
3,8
4,6081
5,9017
6,2992
7,4257
8,3304
9,6385
10,3898
11,406
12,5015
13,6289
14,6640
1,5033
2,4754
3,1011
4,4
5,1719
6,9107
7,847
8,108
9,5463
10,4746
11,4368
12,5928
13,5053
14,9500
1,968
2,800
3,1976
4,7219
5,4502
6,8454
7,9184
8,7863
9,5919
10,7732
11,5757
12,4774
13,1124
14,9995
1,5455
2,4366
3,9041
4,7249
5,9873
6,3024
7,2911
8,9883
9,4456
10,3131
11,4950
12,3094
13,6054
14,7672
1,1302
2,434
3,5440
4,3653
